cond,checkpoint,dim,abs_mean,abs_p99,abs_max
mesh_mu0.2,baseline,0,0.48501,3.07248,5.48484
mesh_mu0.2,baseline,1,0.13507,0.99767,3.13707
mesh_mu0.2,baseline,2,0.20264,1.14695,3.96435
mesh_mu0.2,baseline,3,0.09251,0.65978,2.49692
mesh_mu0.2,baseline,4,0.00258,0.02464,0.1326
mesh_mu0.2,baseline,5,0.16176,1.00398,1.86701
mesh_mu0.2,baseline,6,0.93195,7.23566,9.4995
mesh_mu0.2,baseline,7,0.38065,2.20251,7.92686
mesh_mu0.2,baseline,8,0.40524,3.15822,10.31566
mesh_mu0.2,baseline,9,0.20297,1.89022,6.44545
mesh_mu0.2,baseline,10,0.01511,0.19474,0.87296
mesh_mu0.2,baseline,11,0.3524,2.63595,3.45679
mesh_mu0.2,baseline,12,0.54338,6.94883,10.8535
mesh_mu0.2,baseline,13,0.2204,1.48593,3.65177
mesh_mu0.2,baseline,14,0.1902,1.16995,3.6323
mesh_mu0.2,baseline,15,0.08287,0.73626,2.33468
mesh_mu0.2,baseline,16,0.00376,0.04675,0.15889
mesh_mu0.2,baseline,17,0.19557,2.49135,3.89686
mesh_mu0.2,baseline,18,0.56819,3.76774,8.41665
mesh_mu0.2,baseline,19,0.23827,2.24623,14.45918
mesh_mu0.2,baseline,20,0.38019,2.72209,6.74072
mesh_mu0.2,baseline,21,0.20445,1.64525,4.10605
mesh_mu0.2,baseline,22,0.00962,0.11357,0.42947
mesh_mu0.2,baseline,23,0.20498,1.26935,2.89729
mesh_mu0.2,v1,0,0.30129,2.19557,6.63648
mesh_mu0.2,v1,1,0.23931,3.60957,27.77112
mesh_mu0.2,v1,2,0.26315,1.82583,5.69962
mesh_mu0.2,v1,3,0.13233,1.30566,3.95453
mesh_mu0.2,v1,4,0.00352,0.04888,0.37885
mesh_mu0.2,v1,5,0.11228,0.75826,2.81668
mesh_mu0.2,v1,6,0.37565,3.95413,7.1154
mesh_mu0.2,v1,7,0.27442,3.92649,16.66288
mesh_mu0.2,v1,8,0.22688,1.92215,7.95916
mesh_mu0.2,v1,9,0.10668,1.07027,5.34982
mesh_mu0.2,v1,10,0.00535,0.07929,0.40653
mesh_mu0.2,v1,11,0.14166,1.44938,2.5354
mesh_mu0.2,v1,12,0.33361,3.38861,6.17232
mesh_mu0.2,v1,13,0.25243,4.23428,16.27777
mesh_mu0.2,v1,14,0.28322,2.03283,7.52265
mesh_mu0.2,v1,15,0.13182,1.38797,5.4655
mesh_mu0.2,v1,16,0.00529,0.097,0.3833
mesh_mu0.2,v1,17,0.12773,1.22659,2.77588
mesh_mu0.2,v1,18,0.30359,3.1191,7.27857
mesh_mu0.2,v1,19,0.21579,3.15745,24.59674
mesh_mu0.2,v1,20,0.27863,2.11627,12.26678
mesh_mu0.2,v1,21,0.142,1.67023,7.26132
mesh_mu0.2,v1,22,0.00372,0.05392,0.35734
mesh_mu0.2,v1,23,0.11095,1.07679,3.49041
mesh_mu0.2,v1_s43,0,0.30232,1.86417,5.16937
mesh_mu0.2,v1_s43,1,0.1275,1.0872,9.36699
mesh_mu0.2,v1_s43,2,0.22971,1.44092,12.16026
mesh_mu0.2,v1_s43,3,0.09096,0.58329,6.88525
mesh_mu0.2,v1_s43,4,0.00194,0.01425,0.45665
mesh_mu0.2,v1_s43,5,0.1032,0.62532,3.88271
mesh_mu0.2,v1_s43,6,0.4498,3.71664,7.79718
mesh_mu0.2,v1_s43,7,0.32474,4.55889,22.32941
mesh_mu0.2,v1_s43,8,0.38559,4.10889,16.05013
mesh_mu0.2,v1_s43,9,0.199,2.34029,9.70418
mesh_mu0.2,v1_s43,10,0.00987,0.16494,0.68451
mesh_mu0.2,v1_s43,11,0.17957,1.40146,4.74781
mesh_mu0.2,v1_s43,12,0.36092,4.40352,8.10431
mesh_mu0.2,v1_s43,13,0.17321,1.47828,14.63573
mesh_mu0.2,v1_s43,14,0.18341,1.3004,7.61096
mesh_mu0.2,v1_s43,15,0.08117,0.68079,5.77564
mesh_mu0.2,v1_s43,16,0.00319,0.03267,0.21338
mesh_mu0.2,v1_s43,17,0.1294,1.59283,2.87717
mesh_mu0.2,v1_s43,18,0.43844,3.70484,17.28181
mesh_mu0.2,v1_s43,19,0.38344,7.418,33.42981
mesh_mu0.2,v1_s43,20,0.33601,2.20855,6.69679
mesh_mu0.2,v1_s43,21,0.15978,1.49744,4.05351
mesh_mu0.2,v1_s43,22,0.00576,0.07896,0.33686
mesh_mu0.2,v1_s43,23,0.16328,1.46693,10.70485
mesh_mu0.2,v2,0,0.19998,1.1214,10.78888
mesh_mu0.2,v2,1,0.16032,2.26189,19.03936
mesh_mu0.2,v2,2,0.26357,1.83581,21.12022
mesh_mu0.2,v2,3,0.10765,0.88934,12.2543
mesh_mu0.2,v2,4,0.00181,0.01759,0.35384
mesh_mu0.2,v2,5,0.07019,0.41459,6.79939
mesh_mu0.2,v2,6,0.3817,3.70898,11.43832
mesh_mu0.2,v2,7,0.29655,4.57513,30.02438
mesh_mu0.2,v2,8,0.37379,3.64213,13.46932
mesh_mu0.2,v2,9,0.18691,2.21838,7.7812
mesh_mu0.2,v2,10,0.01009,0.20803,0.90313
mesh_mu0.2,v2,11,0.15369,1.37919,6.78684
mesh_mu0.2,v2,12,0.24111,1.55728,7.27652
mesh_mu0.2,v2,13,0.14647,1.46857,11.64639
mesh_mu0.2,v2,14,0.27747,1.6162,9.75906
mesh_mu0.2,v2,15,0.12847,0.95654,6.00776
mesh_mu0.2,v2,16,0.00362,0.04688,0.48877
mesh_mu0.2,v2,17,0.0896,0.6093,2.84282
mesh_mu0.2,v2,18,0.35991,3.2398,8.606
mesh_mu0.2,v2,19,0.30358,5.0824,28.61227
mesh_mu0.2,v2,20,0.3251,2.83819,8.27366
mesh_mu0.2,v2,21,0.15372,1.73902,5.57487
mesh_mu0.2,v2,22,0.00604,0.10276,0.66487
mesh_mu0.2,v2,23,0.14008,1.21222,3.84244
mesh_mu0.2,v2_s43,0,0.27743,1.89496,5.64893
mesh_mu0.2,v2_s43,1,0.14208,1.75583,17.98853
mesh_mu0.2,v2_s43,2,0.23557,1.51729,27.55326
mesh_mu0.2,v2_s43,3,0.10057,0.77796,16.52477
mesh_mu0.2,v2_s43,4,0.00235,0.02127,0.14848
mesh_mu0.2,v2_s43,5,0.09693,0.64781,2.44971
mesh_mu0.2,v2_s43,6,0.40929,3.26566,8.43468
mesh_mu0.2,v2_s43,7,0.30145,4.51109,17.43696
mesh_mu0.2,v2_s43,8,0.37586,4.48509,17.68581
mesh_mu0.2,v2_s43,9,0.19092,2.68261,11.06592
mesh_mu0.2,v2_s43,10,0.0097,0.20732,0.87507
mesh_mu0.2,v2_s43,11,0.16338,1.29841,4.73564
mesh_mu0.2,v2_s43,12,0.34116,4.17372,9.54713
mesh_mu0.2,v2_s43,13,0.19152,1.64041,17.20431
mesh_mu0.2,v2_s43,14,0.17972,1.35138,10.58888
mesh_mu0.2,v2_s43,15,0.08117,0.70131,6.63208
mesh_mu0.2,v2_s43,16,0.00316,0.03364,0.36897
mesh_mu0.2,v2_s43,17,0.1226,1.51155,5.45568
mesh_mu0.2,v2_s43,18,0.40345,3.34226,9.33848
mesh_mu0.2,v2_s43,19,0.3439,5.91652,36.85908
mesh_mu0.2,v2_s43,20,0.33236,2.5678,7.76545
mesh_mu0.2,v2_s43,21,0.16611,1.75392,4.03666
mesh_mu0.2,v2_s43,22,0.00506,0.07085,0.40444
mesh_mu0.2,v2_s43,23,0.1485,1.26725,5.24116
mesh_mu0.2,v2_s44,0,0.23622,1.42725,11.22443
mesh_mu0.2,v2_s44,1,0.1943,2.5012,15.68207
mesh_mu0.2,v2_s44,2,0.30289,1.76237,8.65667
mesh_mu0.2,v2_s44,3,0.13334,1.09802,5.17252
mesh_mu0.2,v2_s44,4,0.00254,0.02292,0.37522
mesh_mu0.2,v2_s44,5,0.08369,0.51038,6.96108
mesh_mu0.2,v2_s44,6,0.40108,2.92443,13.19869
mesh_mu0.2,v2_s44,7,0.2787,3.5254,25.61463
mesh_mu0.2,v2_s44,8,0.36208,3.21811,13.68306
mesh_mu0.2,v2_s44,9,0.1802,1.93813,9.52182
mesh_mu0.2,v2_s44,10,0.00955,0.18711,1.01666
mesh_mu0.2,v2_s44,11,0.1611,1.20336,8.39115
mesh_mu0.2,v2_s44,12,0.29842,1.68761,27.64686
mesh_mu0.2,v2_s44,13,0.16769,1.68946,19.26836
mesh_mu0.2,v2_s44,14,0.34899,2.00886,27.38351
mesh_mu0.2,v2_s44,15,0.16451,1.11028,15.2387
mesh_mu0.2,v2_s44,16,0.00472,0.06504,0.6911
mesh_mu0.2,v2_s44,17,0.11271,0.67561,16.01307
mesh_mu0.2,v2_s44,18,0.3506,3.46733,7.77674
mesh_mu0.2,v2_s44,19,0.28435,4.91875,26.01401
mesh_mu0.2,v2_s44,20,0.31792,2.40128,8.08708
mesh_mu0.2,v2_s44,21,0.14868,1.5089,4.422
mesh_mu0.2,v2_s44,22,0.0053,0.08203,0.33369
mesh_mu0.2,v2_s44,23,0.13801,1.27453,3.47618
mesh_mu0.5,baseline,0,0.34577,1.94177,6.11824
mesh_mu0.5,baseline,1,0.12017,1.23345,20.19929
mesh_mu0.5,baseline,2,0.16985,1.50427,8.82356
mesh_mu0.5,baseline,3,0.06557,0.55488,4.73337
mesh_mu0.5,baseline,4,0.00239,0.04148,0.34163
mesh_mu0.5,baseline,5,0.11909,0.65496,3.95173
mesh_mu0.5,baseline,6,0.64528,5.51943,10.23846
mesh_mu0.5,baseline,7,0.3874,4.97158,24.0822
mesh_mu0.5,baseline,8,0.38323,4.1138,13.80823
mesh_mu0.5,baseline,9,0.19292,2.39445,8.63877
mesh_mu0.5,baseline,10,0.01747,0.27518,1.23951
mesh_mu0.5,baseline,11,0.26243,2.13858,6.35685
mesh_mu0.5,baseline,12,0.48122,6.9035,10.83486
mesh_mu0.5,baseline,13,0.18663,1.42666,17.61493
mesh_mu0.5,baseline,14,0.15846,1.07984,6.61196
mesh_mu0.5,baseline,15,0.0713,0.64665,5.46267
mesh_mu0.5,baseline,16,0.00422,0.06194,0.40406
mesh_mu0.5,baseline,17,0.17583,2.45713,4.57547
mesh_mu0.5,baseline,18,0.54761,4.42798,10.21231
mesh_mu0.5,baseline,19,0.28771,5.17891,29.47213
mesh_mu0.5,baseline,20,0.33953,3.13494,10.09927
mesh_mu0.5,baseline,21,0.17736,1.91058,5.75885
mesh_mu0.5,baseline,22,0.01251,0.18631,0.66866
mesh_mu0.5,baseline,23,0.21414,1.72515,5.40643
mesh_mu0.5,v1,0,0.24968,1.87924,16.78915
mesh_mu0.5,v1,1,0.23479,3.28843,37.92937
mesh_mu0.5,v1,2,0.24459,2.00071,10.91697
mesh_mu0.5,v1,3,0.11777,1.35264,7.22927
mesh_mu0.5,v1,4,0.00395,0.06323,0.64131
mesh_mu0.5,v1,5,0.10029,0.85129,9.22971
mesh_mu0.5,v1,6,0.28511,2.65842,11.4185
mesh_mu0.5,v1,7,0.26077,3.65275,32.16948
mesh_mu0.5,v1,8,0.19569,1.71669,10.11709
mesh_mu0.5,v1,9,0.08773,0.81571,4.50176
mesh_mu0.5,v1,10,0.0051,0.07787,0.59944
mesh_mu0.5,v1,11,0.11453,1.26465,7.36849
mesh_mu0.5,v1,12,0.28722,3.01605,16.32982
mesh_mu0.5,v1,13,0.26165,3.86855,28.8541
mesh_mu0.5,v1,14,0.23377,1.98487,11.80658
mesh_mu0.5,v1,15,0.10688,1.11165,6.85623
mesh_mu0.5,v1,16,0.00544,0.10814,0.81376
mesh_mu0.5,v1,17,0.11656,1.24847,9.83626
mesh_mu0.5,v1,18,0.25615,2.33012,11.35882
mesh_mu0.5,v1,19,0.22286,3.33524,26.54507
mesh_mu0.5,v1,20,0.24612,2.26659,9.13464
mesh_mu0.5,v1,21,0.12111,1.54371,4.85571
mesh_mu0.5,v1,22,0.00401,0.07427,0.50097
mesh_mu0.5,v1,23,0.10013,1.03415,7.36279
mesh_mu0.5,v1_s43,0,0.26077,1.79929,11.93816
mesh_mu0.5,v1_s43,1,0.13244,1.29633,32.21934
mesh_mu0.5,v1_s43,2,0.20325,1.72156,19.03547
mesh_mu0.5,v1_s43,3,0.07736,0.65602,5.55871
mesh_mu0.5,v1_s43,4,0.00212,0.02011,0.69056
mesh_mu0.5,v1_s43,5,0.09159,0.62246,7.09608
mesh_mu0.5,v1_s43,6,0.3883,3.3665,12.16016
mesh_mu0.5,v1_s43,7,0.35621,7.48493,39.82236
mesh_mu0.5,v1_s43,8,0.32802,3.62405,17.01104
mesh_mu0.5,v1_s43,9,0.16298,2.07547,10.77597
mesh_mu0.5,v1_s43,10,0.00985,0.21,0.75955
mesh_mu0.5,v1_s43,11,0.16424,1.47864,8.25251
mesh_mu0.5,v1_s43,12,0.32304,3.60999,7.75229
mesh_mu0.5,v1_s43,13,0.15975,1.4374,14.23531
mesh_mu0.5,v1_s43,14,0.17639,1.47839,11.37322
mesh_mu0.5,v1_s43,15,0.08061,0.73786,6.94736
mesh_mu0.5,v1_s43,16,0.00372,0.04178,0.59195
mesh_mu0.5,v1_s43,17,0.11889,1.3333,5.03261
mesh_mu0.5,v1_s43,18,0.37602,3.35722,11.39214
mesh_mu0.5,v1_s43,19,0.34677,7.63407,35.82785
mesh_mu0.5,v1_s43,20,0.28144,1.98198,12.13674
mesh_mu0.5,v1_s43,21,0.13193,1.37759,6.27093
mesh_mu0.5,v1_s43,22,0.0061,0.10486,0.51153
mesh_mu0.5,v1_s43,23,0.15198,1.61035,6.57565
mesh_mu0.5,v2,0,0.20366,1.31635,22.17758
mesh_mu0.5,v2,1,0.14973,1.56647,29.66889
mesh_mu0.5,v2,2,0.21742,1.86768,13.86047
mesh_mu0.5,v2,3,0.08174,0.74756,6.75376
mesh_mu0.5,v2,4,0.00201,0.02083,0.74918
mesh_mu0.5,v2,5,0.07281,0.51723,13.29929
mesh_mu0.5,v2,6,0.40243,3.37808,24.42699
mesh_mu0.5,v2,7,0.3663,7.20249,37.3796
mesh_mu0.5,v2,8,0.36642,3.39994,41.06855
mesh_mu0.5,v2,9,0.17906,1.98096,22.70318
mesh_mu0.5,v2,10,0.01081,0.26607,0.86741
mesh_mu0.5,v2,11,0.17164,1.65563,13.49986
mesh_mu0.5,v2,12,0.24814,1.58244,12.63061
mesh_mu0.5,v2,13,0.15093,1.30349,27.08297
mesh_mu0.5,v2,14,0.22422,1.48654,7.74459
mesh_mu0.5,v2,15,0.10472,0.90935,5.06664
mesh_mu0.5,v2,16,0.00399,0.0591,0.434
mesh_mu0.5,v2,17,0.09622,0.68923,7.24555
mesh_mu0.5,v2,18,0.37875,2.94081,22.0129
mesh_mu0.5,v2,19,0.35142,6.78706,50.80417
mesh_mu0.5,v2,20,0.30768,2.30609,10.72079
mesh_mu0.5,v2,21,0.13659,1.46434,6.74617
mesh_mu0.5,v2,22,0.00609,0.11813,0.55615
mesh_mu0.5,v2,23,0.15426,1.42279,11.9589
mesh_mu0.5,v2_s43,0,0.22756,1.49384,26.93018
mesh_mu0.5,v2_s43,1,0.14758,1.53056,35.53304
mesh_mu0.5,v2_s43,2,0.20148,1.63854,13.14073
mesh_mu0.5,v2_s43,3,0.08015,0.66143,7.10604
mesh_mu0.5,v2_s43,4,0.00247,0.02464,2.42226
mesh_mu0.5,v2_s43,5,0.08145,0.58167,9.91859
mesh_mu0.5,v2_s43,6,0.33917,2.62276,12.23106
mesh_mu0.5,v2_s43,7,0.3382,7.13677,33.59168
mesh_mu0.5,v2_s43,8,0.31779,4.08916,19.56428
mesh_mu0.5,v2_s43,9,0.15686,2.25269,13.95395
mesh_mu0.5,v2_s43,10,0.00985,0.23752,0.82226
mesh_mu0.5,v2_s43,11,0.14592,1.39928,7.77563
mesh_mu0.5,v2_s43,12,0.27606,3.31362,14.73167
mesh_mu0.5,v2_s43,13,0.17165,1.66673,25.16395
mesh_mu0.5,v2_s43,14,0.16331,1.51134,12.73587
mesh_mu0.5,v2_s43,15,0.07431,0.75997,7.38563
mesh_mu0.5,v2_s43,16,0.00324,0.03975,0.62241
mesh_mu0.5,v2_s43,17,0.10188,1.24624,8.70765
mesh_mu0.5,v2_s43,18,0.3541,3.04304,13.5247
mesh_mu0.5,v2_s43,19,0.35652,8.0111,33.54153
mesh_mu0.5,v2_s43,20,0.28339,2.40579,12.45831
mesh_mu0.5,v2_s43,21,0.14071,1.80792,7.54894
mesh_mu0.5,v2_s43,22,0.0056,0.10862,0.57054
mesh_mu0.5,v2_s43,23,0.14346,1.50311,8.68508
mesh_mu0.5,v2_s44,0,0.23222,1.91936,11.115
mesh_mu0.5,v2_s44,1,0.18945,1.97039,26.69907
mesh_mu0.5,v2_s44,2,0.27322,1.97166,12.50104
mesh_mu0.5,v2_s44,3,0.11731,1.0916,6.59021
mesh_mu0.5,v2_s44,4,0.00265,0.02884,0.84632
mesh_mu0.5,v2_s44,5,0.08395,0.7177,6.48624
mesh_mu0.5,v2_s44,6,0.4072,3.00943,12.18121
mesh_mu0.5,v2_s44,7,0.315,5.42637,30.75022
mesh_mu0.5,v2_s44,8,0.33254,2.9048,15.57902
mesh_mu0.5,v2_s44,9,0.16266,1.69824,10.04558
mesh_mu0.5,v2_s44,10,0.01027,0.25033,0.95001
mesh_mu0.5,v2_s44,11,0.17276,1.57547,8.5074
mesh_mu0.5,v2_s44,12,0.27701,1.55301,11.43037
mesh_mu0.5,v2_s44,13,0.18371,1.9046,36.26042
mesh_mu0.5,v2_s44,14,0.30335,2.09966,13.59206
mesh_mu0.5,v2_s44,15,0.14613,1.3149,5.89935
mesh_mu0.5,v2_s44,16,0.00562,0.09708,0.76723
mesh_mu0.5,v2_s44,17,0.10958,0.76331,7.02675
mesh_mu0.5,v2_s44,18,0.33568,2.76945,18.53924
mesh_mu0.5,v2_s44,19,0.29074,4.75358,29.93794
mesh_mu0.5,v2_s44,20,0.2876,2.10168,6.272
mesh_mu0.5,v2_s44,21,0.13118,1.40231,4.31383
mesh_mu0.5,v2_s44,22,0.00554,0.10338,0.55525
mesh_mu0.5,v2_s44,23,0.13843,1.35374,10.64303
mesh_mu0.8,baseline,0,0.30433,1.78617,15.28871
mesh_mu0.8,baseline,1,0.14763,1.78797,39.91163
mesh_mu0.8,baseline,2,0.16168,1.66477,10.30939
mesh_mu0.8,baseline,3,0.06135,0.56152,4.20771
mesh_mu0.8,baseline,4,0.00273,0.03969,0.91828
mesh_mu0.8,baseline,5,0.10791,0.64282,8.77045
mesh_mu0.8,baseline,6,0.55229,4.5277,9.03067
mesh_mu0.8,baseline,7,0.4297,9.00929,37.04119
mesh_mu0.8,baseline,8,0.32195,3.92292,12.94773
mesh_mu0.8,baseline,9,0.15394,2.18018,8.45157
mesh_mu0.8,baseline,10,0.01625,0.33358,1.17677
mesh_mu0.8,baseline,11,0.23421,2.0611,4.13783
mesh_mu0.8,baseline,12,0.44168,6.53068,16.5698
mesh_mu0.8,baseline,13,0.19106,1.4466,31.60429
mesh_mu0.8,baseline,14,0.15685,1.11066,5.84297
mesh_mu0.8,baseline,15,0.07014,0.66409,4.82019
mesh_mu0.8,baseline,16,0.00467,0.07707,0.5926
mesh_mu0.8,baseline,17,0.16438,2.34126,8.92285
mesh_mu0.8,baseline,18,0.4793,3.95861,16.97799
mesh_mu0.8,baseline,19,0.33134,7.52578,43.24075
mesh_mu0.8,baseline,20,0.28914,3.01836,12.28782
mesh_mu0.8,baseline,21,0.14573,1.77411,6.47903
mesh_mu0.8,baseline,22,0.01225,0.23734,0.79977
mesh_mu0.8,baseline,23,0.19784,1.81702,10.81184
mesh_mu0.8,v1,0,0.24569,1.85257,12.21714
mesh_mu0.8,v1,1,0.24865,3.67209,34.4523
mesh_mu0.8,v1,2,0.24092,2.07563,10.52114
mesh_mu0.8,v1,3,0.11328,1.29007,5.60949
mesh_mu0.8,v1,4,0.00415,0.07358,0.52435
mesh_mu0.8,v1,5,0.09992,0.91837,6.9401
mesh_mu0.8,v1,6,0.28074,2.72277,10.64956
mesh_mu0.8,v1,7,0.28546,3.95458,35.25856
mesh_mu0.8,v1,8,0.18813,1.61114,14.34837
mesh_mu0.8,v1,9,0.08514,0.76527,6.3393
mesh_mu0.8,v1,10,0.00556,0.0965,0.69856
mesh_mu0.8,v1,11,0.11726,1.2964,5.77118
mesh_mu0.8,v1,12,0.28389,2.85065,20.052
mesh_mu0.8,v1,13,0.28343,4.16128,50.47995
mesh_mu0.8,v1,14,0.22519,1.89404,15.58399
mesh_mu0.8,v1,15,0.10063,0.98415,9.93151
mesh_mu0.8,v1,16,0.00556,0.11257,0.64326
mesh_mu0.8,v1,17,0.11707,1.24794,10.02552
mesh_mu0.8,v1,18,0.24816,2.09979,10.06947
mesh_mu0.8,v1,19,0.24325,3.79992,42.19269
mesh_mu0.8,v1,20,0.24382,2.2979,24.06715
mesh_mu0.8,v1,21,0.11674,1.42118,11.25604
mesh_mu0.8,v1,22,0.00414,0.08015,0.77299
mesh_mu0.8,v1,23,0.09798,1.00533,6.65951
mesh_mu0.8,v1_s43,0,0.26873,1.91591,12.50833
mesh_mu0.8,v1_s43,1,0.15683,1.634,35.67361
mesh_mu0.8,v1_s43,2,0.20783,1.89043,26.29188
mesh_mu0.8,v1_s43,3,0.07916,0.72104,10.95067
mesh_mu0.8,v1_s43,4,0.00254,0.02479,0.98012
mesh_mu0.8,v1_s43,5,0.09599,0.66413,6.87913
mesh_mu0.8,v1_s43,6,0.40685,3.74265,15.0815
mesh_mu0.8,v1_s43,7,0.38295,8.7099,55.73404
mesh_mu0.8,v1_s43,8,0.31526,3.22426,15.46563
mesh_mu0.8,v1_s43,9,0.15296,1.84881,10.26166
mesh_mu0.8,v1_s43,10,0.01029,0.22685,1.05207
mesh_mu0.8,v1_s43,11,0.17412,1.6286,9.88717
mesh_mu0.8,v1_s43,12,0.3245,3.46152,9.24978
mesh_mu0.8,v1_s43,13,0.19135,1.64395,36.13822
mesh_mu0.8,v1_s43,14,0.19709,1.5262,13.04761
mesh_mu0.8,v1_s43,15,0.091,0.77507,8.07866
mesh_mu0.8,v1_s43,16,0.00476,0.05911,0.52398
mesh_mu0.8,v1_s43,17,0.1242,1.31701,4.7226
mesh_mu0.8,v1_s43,18,0.36238,3.12148,14.99659
mesh_mu0.8,v1_s43,19,0.33497,7.00714,36.15034
mesh_mu0.8,v1_s43,20,0.27737,1.96911,19.52161
mesh_mu0.8,v1_s43,21,0.12828,1.31006,11.80275
mesh_mu0.8,v1_s43,22,0.00606,0.11546,0.77175
mesh_mu0.8,v1_s43,23,0.15062,1.68579,8.97539
mesh_mu0.8,v2,0,0.21143,1.37058,21.30822
mesh_mu0.8,v2,1,0.15775,1.73877,55.66895
mesh_mu0.8,v2,2,0.21273,1.96236,28.6354
mesh_mu0.8,v2,3,0.07973,0.75002,17.08342
mesh_mu0.8,v2,4,0.00227,0.02282,1.32945
mesh_mu0.8,v2,5,0.07589,0.53657,11.37377
mesh_mu0.8,v2,6,0.41285,3.13607,14.00933
mesh_mu0.8,v2,7,0.41251,8.65755,52.7147
mesh_mu0.8,v2,8,0.35951,2.95751,43.16537
mesh_mu0.8,v2,9,0.17325,1.73662,24.25543
mesh_mu0.8,v2,10,0.01106,0.28656,1.29331
mesh_mu0.8,v2,11,0.17934,1.79416,9.82584
mesh_mu0.8,v2,12,0.2586,1.61599,10.75049
mesh_mu0.8,v2,13,0.1774,1.48103,33.78616
mesh_mu0.8,v2,14,0.22473,1.4872,13.63549
mesh_mu0.8,v2,15,0.1061,0.93047,7.1939
mesh_mu0.8,v2,16,0.00499,0.08034,0.97201
mesh_mu0.8,v2,17,0.10416,0.789,5.50422
mesh_mu0.8,v2,18,0.36964,2.66007,16.85944
mesh_mu0.8,v2,19,0.35459,6.68845,38.50985
mesh_mu0.8,v2,20,0.30469,2.15297,44.59761
mesh_mu0.8,v2,21,0.13537,1.34518,23.41433
mesh_mu0.8,v2,22,0.0063,0.13376,2.38674
mesh_mu0.8,v2,23,0.15441,1.56166,10.31981
mesh_mu0.8,v2_s43,0,0.22349,1.5311,14.65262
mesh_mu0.8,v2_s43,1,0.16804,1.70421,39.89829
mesh_mu0.8,v2_s43,2,0.20338,1.70529,19.05445
mesh_mu0.8,v2_s43,3,0.08119,0.69563,5.58014
mesh_mu0.8,v2_s43,4,0.00266,0.0284,0.78529
mesh_mu0.8,v2_s43,5,0.08141,0.61922,8.08121
mesh_mu0.8,v2_s43,6,0.32821,2.61315,18.85486
mesh_mu0.8,v2_s43,7,0.38113,9.18856,43.84552
mesh_mu0.8,v2_s43,8,0.29154,3.41853,17.79496
mesh_mu0.8,v2_s43,9,0.13829,1.73114,10.68921
mesh_mu0.8,v2_s43,10,0.00928,0.22387,0.88798
mesh_mu0.8,v2_s43,11,0.1422,1.43558,10.00992
mesh_mu0.8,v2_s43,12,0.27239,3.02567,17.12871
mesh_mu0.8,v2_s43,13,0.19421,1.7733,33.05126
mesh_mu0.8,v2_s43,14,0.17654,1.62604,12.63919
mesh_mu0.8,v2_s43,15,0.08127,0.8026,8.07535
mesh_mu0.8,v2_s43,16,0.00382,0.05029,1.65373
mesh_mu0.8,v2_s43,17,0.10307,1.15321,10.04702
mesh_mu0.8,v2_s43,18,0.33631,2.71168,15.50058
mesh_mu0.8,v2_s43,19,0.35511,8.32573,40.79642
mesh_mu0.8,v2_s43,20,0.27238,2.30545,24.39233
mesh_mu0.8,v2_s43,21,0.13446,1.72421,15.35025
mesh_mu0.8,v2_s43,22,0.00586,0.12365,0.62308
mesh_mu0.8,v2_s43,23,0.14031,1.55307,9.03091
mesh_mu0.8,v2_s44,0,0.22885,1.76411,12.88068
mesh_mu0.8,v2_s44,1,0.19608,2.16854,36.00401
mesh_mu0.8,v2_s44,2,0.25655,2.08087,18.9821
mesh_mu0.8,v2_s44,3,0.10792,1.06256,10.66657
mesh_mu0.8,v2_s44,4,0.00277,0.03128,0.82438
mesh_mu0.8,v2_s44,5,0.08436,0.707,7.9562
mesh_mu0.8,v2_s44,6,0.40253,2.86569,16.39765
mesh_mu0.8,v2_s44,7,0.37012,7.3675,42.38481
mesh_mu0.8,v2_s44,8,0.31831,2.63061,19.77651
mesh_mu0.8,v2_s44,9,0.15381,1.55757,12.15138
mesh_mu0.8,v2_s44,10,0.01053,0.26966,1.05146
mesh_mu0.8,v2_s44,11,0.1747,1.70478,9.70575
mesh_mu0.8,v2_s44,12,0.28227,1.65447,10.39205
mesh_mu0.8,v2_s44,13,0.22126,2.48871,40.06491
mesh_mu0.8,v2_s44,14,0.27486,2.01464,14.97801
mesh_mu0.8,v2_s44,15,0.13096,1.24612,6.53544
mesh_mu0.8,v2_s44,16,0.00624,0.12103,0.58782
mesh_mu0.8,v2_s44,17,0.11618,0.91305,6.45475
mesh_mu0.8,v2_s44,18,0.31744,2.44832,9.14389
mesh_mu0.8,v2_s44,19,0.30328,4.86061,35.74411
mesh_mu0.8,v2_s44,20,0.28032,2.07796,10.84982
mesh_mu0.8,v2_s44,21,0.12687,1.33284,7.43686
mesh_mu0.8,v2_s44,22,0.00552,0.11324,0.57931
mesh_mu0.8,v2_s44,23,0.13327,1.4319,6.71403
mesh_mu1.0,baseline,0,0.28771,1.69408,13.14256
mesh_mu1.0,baseline,1,0.17335,1.96779,36.38787
mesh_mu1.0,baseline,2,0.15206,1.58188,6.15176
mesh_mu1.0,baseline,3,0.0598,0.54963,4.19609
mesh_mu1.0,baseline,4,0.00336,0.03914,0.91649
mesh_mu1.0,baseline,5,0.10559,0.66898,9.43939
mesh_mu1.0,baseline,6,0.48799,3.93677,11.30232
mesh_mu1.0,baseline,7,0.42328,8.86263,49.169
mesh_mu1.0,baseline,8,0.27994,3.39009,11.15245
mesh_mu1.0,baseline,9,0.13221,1.85059,7.56668
mesh_mu1.0,baseline,10,0.01502,0.32752,1.41149
mesh_mu1.0,baseline,11,0.21275,2.01056,8.91302
mesh_mu1.0,baseline,12,0.41256,5.98534,13.1264
mesh_mu1.0,baseline,13,0.19653,1.50085,52.10561
mesh_mu1.0,baseline,14,0.16376,1.21206,8.69393
mesh_mu1.0,baseline,15,0.0762,0.72462,5.23395
mesh_mu1.0,baseline,16,0.00538,0.08723,0.62832
mesh_mu1.0,baseline,17,0.15766,2.17858,5.33091
mesh_mu1.0,baseline,18,0.42569,3.58752,20.27329
mesh_mu1.0,baseline,19,0.33535,8.40624,42.06443
mesh_mu1.0,baseline,20,0.26199,2.70249,20.53679
mesh_mu1.0,baseline,21,0.13279,1.65662,11.93676
mesh_mu1.0,baseline,22,0.01159,0.25412,1.20981
mesh_mu1.0,baseline,23,0.18155,1.8043,13.34524
mesh_mu1.0,v1,0,0.24682,1.83599,10.13287
mesh_mu1.0,v1,1,0.26182,4.262,33.62413
mesh_mu1.0,v1,2,0.24635,2.10752,19.64784
mesh_mu1.0,v1,3,0.11666,1.32834,5.08725
mesh_mu1.0,v1,4,0.00447,0.08197,1.0179
mesh_mu1.0,v1,5,0.10213,0.94731,6.06458
mesh_mu1.0,v1,6,0.27872,2.56932,10.64956
mesh_mu1.0,v1,7,0.29218,4.5332,32.80247
mesh_mu1.0,v1,8,0.18953,1.64512,9.59508
mesh_mu1.0,v1,9,0.08576,0.78929,5.22662
mesh_mu1.0,v1,10,0.00591,0.10501,0.72074
mesh_mu1.0,v1,11,0.11789,1.29729,5.25279
mesh_mu1.0,v1,12,0.28458,2.83226,15.86239
mesh_mu1.0,v1,13,0.2943,4.46235,40.57408
mesh_mu1.0,v1,14,0.2265,1.86347,11.76073
mesh_mu1.0,v1,15,0.10284,0.99504,7.39898
mesh_mu1.0,v1,16,0.00577,0.11732,0.85711
mesh_mu1.0,v1,17,0.11858,1.26294,8.06084
mesh_mu1.0,v1,18,0.2468,2.1159,18.35981
mesh_mu1.0,v1,19,0.24984,4.02767,55.08534
mesh_mu1.0,v1,20,0.24511,2.38889,15.76432
mesh_mu1.0,v1,21,0.11779,1.46899,8.67374
mesh_mu1.0,v1,22,0.00436,0.09188,1.75405
mesh_mu1.0,v1,23,0.09842,1.02884,11.62739
mesh_mu1.0,v1_s43,0,0.26792,1.9553,14.26879
mesh_mu1.0,v1_s43,1,0.16883,1.7814,46.98539
mesh_mu1.0,v1_s43,2,0.21429,1.95723,26.1837
mesh_mu1.0,v1_s43,3,0.08241,0.74186,7.32307
mesh_mu1.0,v1_s43,4,0.00271,0.0274,0.9708
mesh_mu1.0,v1_s43,5,0.09623,0.67813,6.90556
mesh_mu1.0,v1_s43,6,0.40252,3.81779,18.24367
mesh_mu1.0,v1_s43,7,0.41155,9.17451,50.18173
mesh_mu1.0,v1_s43,8,0.31701,3.22949,17.08405
mesh_mu1.0,v1_s43,9,0.15376,1.92205,9.86394
mesh_mu1.0,v1_s43,10,0.01047,0.23117,1.00554
mesh_mu1.0,v1_s43,11,0.17458,1.66989,11.09024
mesh_mu1.0,v1_s43,12,0.32445,3.3493,8.79103
mesh_mu1.0,v1_s43,13,0.20435,1.76695,33.63293
mesh_mu1.0,v1_s43,14,0.20149,1.55394,20.14142
mesh_mu1.0,v1_s43,15,0.09453,0.79814,11.7878
mesh_mu1.0,v1_s43,16,0.00532,0.06916,0.79559
mesh_mu1.0,v1_s43,17,0.12686,1.32571,5.85837
mesh_mu1.0,v1_s43,18,0.35824,3.07766,16.76265
mesh_mu1.0,v1_s43,19,0.34196,7.01261,43.19941
mesh_mu1.0,v1_s43,20,0.27691,1.9984,18.35591
mesh_mu1.0,v1_s43,21,0.12903,1.37455,8.56315
mesh_mu1.0,v1_s43,22,0.00628,0.12941,0.84101
mesh_mu1.0,v1_s43,23,0.15016,1.73343,9.20192
mesh_mu1.0,v2,0,0.21065,1.36502,10.49119
mesh_mu1.0,v2,1,0.15593,1.74488,46.88767
mesh_mu1.0,v2,2,0.21158,2.00344,24.33871
mesh_mu1.0,v2,3,0.07782,0.74194,8.10009
mesh_mu1.0,v2,4,0.00222,0.02142,0.85141
mesh_mu1.0,v2,5,0.07569,0.52038,6.41516
mesh_mu1.0,v2,6,0.40938,2.91467,17.43907
mesh_mu1.0,v2,7,0.42574,9.18913,49.28087
mesh_mu1.0,v2,8,0.36711,3.08852,24.37516
mesh_mu1.0,v2,9,0.18016,1.86822,13.39608
mesh_mu1.0,v2,10,0.01153,0.29919,0.88538
mesh_mu1.0,v2,11,0.18065,1.82608,9.46903
mesh_mu1.0,v2,12,0.26045,1.59542,26.13457
mesh_mu1.0,v2,13,0.19593,1.56955,37.9761
mesh_mu1.0,v2,14,0.22626,1.51043,24.67975
mesh_mu1.0,v2,15,0.10945,0.94609,14.57652
mesh_mu1.0,v2,16,0.0055,0.08789,0.96177
mesh_mu1.0,v2,17,0.1076,0.82078,14.17991
mesh_mu1.0,v2,18,0.37332,2.55594,23.96878
mesh_mu1.0,v2,19,0.37494,7.45665,38.62768
mesh_mu1.0,v2,20,0.31158,2.19608,10.09048
mesh_mu1.0,v2,21,0.1414,1.44783,6.40466
mesh_mu1.0,v2,22,0.00688,0.15015,1.04401
mesh_mu1.0,v2,23,0.1595,1.68203,12.94145
mesh_mu1.0,v2_s43,0,0.22506,1.53813,16.24808
mesh_mu1.0,v2_s43,1,0.17109,1.66476,40.60009
mesh_mu1.0,v2_s43,2,0.20396,1.73002,15.9675
mesh_mu1.0,v2_s43,3,0.08147,0.70228,4.98712
mesh_mu1.0,v2_s43,4,0.00278,0.02794,0.85874
mesh_mu1.0,v2_s43,5,0.08195,0.6331,9.12717
mesh_mu1.0,v2_s43,6,0.32733,2.62182,16.74546
mesh_mu1.0,v2_s43,7,0.39521,9.43213,43.84552
mesh_mu1.0,v2_s43,8,0.29023,3.34902,16.65594
mesh_mu1.0,v2_s43,9,0.13797,1.73078,12.68388
mesh_mu1.0,v2_s43,10,0.0092,0.21442,1.14085
mesh_mu1.0,v2_s43,11,0.1424,1.44098,9.83003
mesh_mu1.0,v2_s43,12,0.27413,3.00131,18.69026
mesh_mu1.0,v2_s43,13,0.19945,1.81742,32.35601
mesh_mu1.0,v2_s43,14,0.17782,1.61269,19.76063
mesh_mu1.0,v2_s43,15,0.08281,0.83574,10.74764
mesh_mu1.0,v2_s43,16,0.0041,0.05554,1.27951
mesh_mu1.0,v2_s43,17,0.10495,1.15679,12.1224
mesh_mu1.0,v2_s43,18,0.3411,2.68351,14.21052
mesh_mu1.0,v2_s43,19,0.35521,8.12203,32.69284
mesh_mu1.0,v2_s43,20,0.27371,2.37545,11.4182
mesh_mu1.0,v2_s43,21,0.13685,1.80806,7.42071
mesh_mu1.0,v2_s43,22,0.00624,0.13615,0.81278
mesh_mu1.0,v2_s43,23,0.14495,1.64811,9.28542
mesh_mu1.0,v2_s44,0,0.23213,1.73077,20.01265
mesh_mu1.0,v2_s44,1,0.20017,2.23344,37.36871
mesh_mu1.0,v2_s44,2,0.26053,2.09071,10.98745
mesh_mu1.0,v2_s44,3,0.10941,1.07229,6.89853
mesh_mu1.0,v2_s44,4,0.0028,0.03065,0.80966
mesh_mu1.0,v2_s44,5,0.08587,0.73139,13.1131
mesh_mu1.0,v2_s44,6,0.41363,2.87831,14.30152
mesh_mu1.0,v2_s44,7,0.38423,7.75914,43.49099
mesh_mu1.0,v2_s44,8,0.32505,2.63238,18.30353
mesh_mu1.0,v2_s44,9,0.15865,1.61924,10.43101
mesh_mu1.0,v2_s44,10,0.01104,0.28268,0.90825
mesh_mu1.0,v2_s44,11,0.18061,1.75949,10.46334
mesh_mu1.0,v2_s44,12,0.28686,1.70188,13.5797
mesh_mu1.0,v2_s44,13,0.24154,2.81573,44.73532
mesh_mu1.0,v2_s44,14,0.28052,2.05952,17.39827
mesh_mu1.0,v2_s44,15,0.13532,1.32286,9.55106
mesh_mu1.0,v2_s44,16,0.0068,0.13476,0.89045
mesh_mu1.0,v2_s44,17,0.12003,0.96333,8.05012
mesh_mu1.0,v2_s44,18,0.32853,2.52323,9.96755
mesh_mu1.0,v2_s44,19,0.30677,5.02831,40.07663
mesh_mu1.0,v2_s44,20,0.28511,2.06342,8.63997
mesh_mu1.0,v2_s44,21,0.12927,1.33161,4.81984
mesh_mu1.0,v2_s44,22,0.00583,0.12268,0.55563
mesh_mu1.0,v2_s44,23,0.1387,1.4866,6.50077
mesh_mu1.5,baseline,0,0.2872,1.75748,9.42613
mesh_mu1.5,baseline,1,0.2099,2.2792,34.97798
mesh_mu1.5,baseline,2,0.14772,1.4025,5.2751
mesh_mu1.5,baseline,3,0.06064,0.54022,2.87916
mesh_mu1.5,baseline,4,0.00444,0.06345,0.88939
mesh_mu1.5,baseline,5,0.10982,0.78246,7.04018
mesh_mu1.5,baseline,6,0.45508,3.40306,13.38761
mesh_mu1.5,baseline,7,0.41591,8.01183,44.98841
mesh_mu1.5,baseline,8,0.25426,2.94888,14.41774
mesh_mu1.5,baseline,9,0.12226,1.63799,9.55147
mesh_mu1.5,baseline,10,0.01487,0.29296,1.15794
mesh_mu1.5,baseline,11,0.20503,1.88553,7.62007
mesh_mu1.5,baseline,12,0.39988,5.45234,17.11493
mesh_mu1.5,baseline,13,0.22044,1.65138,33.1804
mesh_mu1.5,baseline,14,0.17465,1.30423,12.58217
mesh_mu1.5,baseline,15,0.08461,0.77162,7.50742
mesh_mu1.5,baseline,16,0.0065,0.10699,0.81647
mesh_mu1.5,baseline,17,0.15811,1.99473,8.98935
mesh_mu1.5,baseline,18,0.38741,3.20547,18.76403
mesh_mu1.5,baseline,19,0.3586,8.94383,44.85406
mesh_mu1.5,baseline,20,0.23948,2.28866,21.35796
mesh_mu1.5,baseline,21,0.12311,1.46969,5.22863
mesh_mu1.5,baseline,22,0.01105,0.24729,1.01081
mesh_mu1.5,baseline,23,0.1695,1.74341,10.45119
mesh_mu1.5,v1,0,0.25811,1.89956,20.05317
mesh_mu1.5,v1,1,0.27568,3.92967,41.1904
mesh_mu1.5,v1,2,0.26382,2.2167,11.07693
mesh_mu1.5,v1,3,0.12473,1.43506,5.26242
mesh_mu1.5,v1,4,0.00487,0.09095,0.884
mesh_mu1.5,v1,5,0.10826,1.06424,10.36868
mesh_mu1.5,v1,6,0.28947,2.65453,10.94818
mesh_mu1.5,v1,7,0.31126,5.32075,37.34457
mesh_mu1.5,v1,8,0.20242,1.76174,12.34863
mesh_mu1.5,v1,9,0.09251,0.85466,4.96295
mesh_mu1.5,v1,10,0.00663,0.12394,0.7025
mesh_mu1.5,v1,11,0.12564,1.32187,8.32469
mesh_mu1.5,v1,12,0.29534,2.90392,13.91323
mesh_mu1.5,v1,13,0.30494,4.65665,38.57836
mesh_mu1.5,v1,14,0.24158,1.93565,12.17976
mesh_mu1.5,v1,15,0.11158,1.09949,7.50846
mesh_mu1.5,v1,16,0.00639,0.13308,0.87025
mesh_mu1.5,v1,17,0.12545,1.32275,8.92218
mesh_mu1.5,v1,18,0.25538,2.17126,14.73067
mesh_mu1.5,v1,19,0.27435,5.15676,40.05476
mesh_mu1.5,v1,20,0.25524,2.45821,11.77368
mesh_mu1.5,v1,21,0.12452,1.68264,6.6392
mesh_mu1.5,v1,22,0.0048,0.10463,0.66803
mesh_mu1.5,v1,23,0.1044,1.07186,10.26678
mesh_mu1.5,v1_s43,0,0.27248,1.96257,16.46794
mesh_mu1.5,v1_s43,1,0.16499,1.71877,36.71879
mesh_mu1.5,v1_s43,2,0.21601,1.99976,14.49746
mesh_mu1.5,v1_s43,3,0.08345,0.7456,8.75377
mesh_mu1.5,v1_s43,4,0.00277,0.02796,1.00917
mesh_mu1.5,v1_s43,5,0.09774,0.68034,12.18832
mesh_mu1.5,v1_s43,6,0.40398,3.84377,15.08102
mesh_mu1.5,v1_s43,7,0.41791,9.35893,40.26204
mesh_mu1.5,v1_s43,8,0.32503,3.26615,15.55295
mesh_mu1.5,v1_s43,9,0.16069,2.03755,8.97985
mesh_mu1.5,v1_s43,10,0.01133,0.25615,1.45196
mesh_mu1.5,v1_s43,11,0.17889,1.75208,9.71326
mesh_mu1.5,v1_s43,12,0.33894,3.49711,20.80496
mesh_mu1.5,v1_s43,13,0.21666,1.71603,26.69579
mesh_mu1.5,v1_s43,14,0.20868,1.53825,36.24107
mesh_mu1.5,v1_s43,15,0.10062,0.82806,19.88768
mesh_mu1.5,v1_s43,16,0.00611,0.08677,1.97577
mesh_mu1.5,v1_s43,17,0.13513,1.39697,10.94005
mesh_mu1.5,v1_s43,18,0.37037,3.0667,11.69371
mesh_mu1.5,v1_s43,19,0.34456,7.54318,39.37918
mesh_mu1.5,v1_s43,20,0.27914,2.0336,24.50596
mesh_mu1.5,v1_s43,21,0.13129,1.4054,10.31702
mesh_mu1.5,v1_s43,22,0.00694,0.14446,1.13398
mesh_mu1.5,v1_s43,23,0.15809,1.86252,7.95119
mesh_mu1.5,v2,0,0.20558,1.32934,11.41358
mesh_mu1.5,v2,1,0.15817,1.75015,41.31935
mesh_mu1.5,v2,2,0.20731,2.02479,7.09423
mesh_mu1.5,v2,3,0.07606,0.74136,4.28518
mesh_mu1.5,v2,4,0.00223,0.02269,0.62818
mesh_mu1.5,v2,5,0.0741,0.51994,6.84414
mesh_mu1.5,v2,6,0.40659,2.73172,16.40386
mesh_mu1.5,v2,7,0.43343,8.76773,41.39929
mesh_mu1.5,v2,8,0.36827,3.03668,19.67709
mesh_mu1.5,v2,9,0.18393,1.9434,12.25066
mesh_mu1.5,v2,10,0.01213,0.32808,1.03067
mesh_mu1.5,v2,11,0.18394,1.94599,9.91751
mesh_mu1.5,v2,12,0.25734,1.58677,14.61343
mesh_mu1.5,v2,13,0.21184,1.95028,44.84665
mesh_mu1.5,v2,14,0.23425,1.60791,24.96542
mesh_mu1.5,v2,15,0.11866,1.12309,12.09352
mesh_mu1.5,v2,16,0.00642,0.10645,1.24041
mesh_mu1.5,v2,17,0.11022,0.89493,8.38627
mesh_mu1.5,v2,18,0.36981,2.43888,21.72054
mesh_mu1.5,v2,19,0.3794,7.83583,41.90961
mesh_mu1.5,v2,20,0.3139,2.28838,13.28278
mesh_mu1.5,v2,21,0.14626,1.54229,7.22674
mesh_mu1.5,v2,22,0.00747,0.17024,1.35487
mesh_mu1.5,v2,23,0.16146,1.72631,14.1321
mesh_mu1.5,v2_s43,0,0.22839,1.55386,18.70604
mesh_mu1.5,v2_s43,1,0.18179,1.87393,42.07897
mesh_mu1.5,v2_s43,2,0.20663,1.81874,14.34222
mesh_mu1.5,v2_s43,3,0.08375,0.72813,9.28967
mesh_mu1.5,v2_s43,4,0.00295,0.03045,1.10147
mesh_mu1.5,v2_s43,5,0.08411,0.66286,10.691
mesh_mu1.5,v2_s43,6,0.31892,2.60341,11.18639
mesh_mu1.5,v2_s43,7,0.41416,10.1049,43.84552
mesh_mu1.5,v2_s43,8,0.28912,3.29998,23.68887
mesh_mu1.5,v2_s43,9,0.13912,1.74791,15.25098
mesh_mu1.5,v2_s43,10,0.00948,0.23267,0.78711
mesh_mu1.5,v2_s43,11,0.14131,1.48888,4.92617
mesh_mu1.5,v2_s43,12,0.28191,3.02574,21.83073
mesh_mu1.5,v2_s43,13,0.20539,1.8623,38.02687
mesh_mu1.5,v2_s43,14,0.18139,1.62524,26.40744
mesh_mu1.5,v2_s43,15,0.08567,0.83075,14.77443
mesh_mu1.5,v2_s43,16,0.00455,0.06503,1.06343
mesh_mu1.5,v2_s43,17,0.11008,1.20093,12.09745
mesh_mu1.5,v2_s43,18,0.33937,2.65285,14.57546
mesh_mu1.5,v2_s43,19,0.37843,9.21659,40.60637
mesh_mu1.5,v2_s43,20,0.274,2.38275,20.01694
mesh_mu1.5,v2_s43,21,0.13682,1.75726,12.77277
mesh_mu1.5,v2_s43,22,0.00671,0.14868,0.70513
mesh_mu1.5,v2_s43,23,0.14659,1.67533,9.0486
mesh_mu1.5,v2_s44,0,0.23316,1.6816,16.14384
mesh_mu1.5,v2_s44,1,0.20172,2.23709,42.63949
mesh_mu1.5,v2_s44,2,0.26077,2.08008,15.20755
mesh_mu1.5,v2_s44,3,0.10867,1.03507,8.65445
mesh_mu1.5,v2_s44,4,0.00298,0.03509,1.36455
mesh_mu1.5,v2_s44,5,0.08706,0.73281,10.48454
mesh_mu1.5,v2_s44,6,0.42465,2.81761,20.69313
mesh_mu1.5,v2_s44,7,0.41776,8.73098,40.14677
mesh_mu1.5,v2_s44,8,0.33878,2.76201,30.29698
mesh_mu1.5,v2_s44,9,0.16844,1.7485,19.12158
mesh_mu1.5,v2_s44,10,0.01248,0.32732,1.02097
mesh_mu1.5,v2_s44,11,0.1905,1.94064,12.03827
mesh_mu1.5,v2_s44,12,0.29013,1.70291,19.16053
mesh_mu1.5,v2_s44,13,0.25434,2.98733,37.74521
mesh_mu1.5,v2_s44,14,0.28617,2.25111,14.73324
mesh_mu1.5,v2_s44,15,0.14302,1.55469,8.03611
mesh_mu1.5,v2_s44,16,0.00776,0.15947,0.83539
mesh_mu1.5,v2_s44,17,0.12595,1.0978,9.97355
mesh_mu1.5,v2_s44,18,0.33457,2.46093,15.62484
mesh_mu1.5,v2_s44,19,0.32276,5.5957,47.45799
mesh_mu1.5,v2_s44,20,0.29397,2.16173,8.2495
mesh_mu1.5,v2_s44,21,0.13541,1.44308,5.0788
mesh_mu1.5,v2_s44,22,0.00638,0.13967,0.63084
mesh_mu1.5,v2_s44,23,0.14421,1.64025,7.96863
plane_mu0.2,baseline,0,0.48692,3.06564,5.44413
plane_mu0.2,baseline,1,0.13024,0.80779,2.13805
plane_mu0.2,baseline,2,0.19692,1.00455,3.19427
plane_mu0.2,baseline,3,0.0902,0.5581,1.7903
plane_mu0.2,baseline,4,0.00249,0.02283,0.11076
plane_mu0.2,baseline,5,0.16193,1.0007,1.82896
plane_mu0.2,baseline,6,0.93665,7.24388,9.72924
plane_mu0.2,baseline,7,0.37562,2.00267,5.60955
plane_mu0.2,baseline,8,0.40624,3.20037,9.00072
plane_mu0.2,baseline,9,0.20554,1.90401,5.41112
plane_mu0.2,baseline,10,0.01534,0.20069,0.59542
plane_mu0.2,baseline,11,0.35476,2.6386,3.54606
plane_mu0.2,baseline,12,0.54604,6.94782,10.9684
plane_mu0.2,baseline,13,0.21838,1.535,4.02712
plane_mu0.2,baseline,14,0.18445,1.14265,2.40762
plane_mu0.2,baseline,15,0.08,0.63085,1.86784
plane_mu0.2,baseline,16,0.00358,0.03947,0.22716
plane_mu0.2,baseline,17,0.19633,2.48997,3.94454
plane_mu0.2,baseline,18,0.5701,3.74034,8.61987
plane_mu0.2,baseline,19,0.22602,1.87279,11.38058
plane_mu0.2,baseline,20,0.38279,2.71819,5.86111
plane_mu0.2,baseline,21,0.20589,1.59677,3.60169
plane_mu0.2,baseline,22,0.00988,0.11622,0.40845
plane_mu0.2,baseline,23,0.20583,1.25748,2.95586
plane_mu0.2,v1,0,0.30279,2.77073,5.24146
plane_mu0.2,v1,1,0.21323,2.88888,13.74837
plane_mu0.2,v1,2,0.27651,1.88984,3.6175
plane_mu0.2,v1,3,0.1407,1.46126,3.2313
plane_mu0.2,v1,4,0.00328,0.04143,0.15317
plane_mu0.2,v1,5,0.11174,0.90146,1.74782
plane_mu0.2,v1,6,0.40614,4.45001,6.9594
plane_mu0.2,v1,7,0.27129,3.74368,10.08991
plane_mu0.2,v1,8,0.22642,1.95121,5.25595
plane_mu0.2,v1,9,0.11005,1.07959,2.68464
plane_mu0.2,v1,10,0.00514,0.05601,0.27249
plane_mu0.2,v1,11,0.15065,1.61066,2.49891
plane_mu0.2,v1,12,0.32144,2.58364,5.89048
plane_mu0.2,v1,13,0.22689,3.73562,9.75294
plane_mu0.2,v1,14,0.2988,2.02592,7.57175
plane_mu0.2,v1,15,0.14439,1.31874,5.86813
plane_mu0.2,v1,16,0.00512,0.06697,0.21188
plane_mu0.2,v1,17,0.12315,0.93955,2.07416
plane_mu0.2,v1,18,0.31375,3.85408,7.00549
plane_mu0.2,v1,19,0.18594,2.7024,15.19897
plane_mu0.2,v1,20,0.28704,2.18908,3.60542
plane_mu0.2,v1,21,0.14897,1.87454,3.40055
plane_mu0.2,v1,22,0.00377,0.05643,0.27093
plane_mu0.2,v1,23,0.11475,1.31398,2.85221
plane_mu0.2,v1_s43,0,0.27773,1.59687,4.8337
plane_mu0.2,v1_s43,1,0.1033,0.82374,17.66301
plane_mu0.2,v1_s43,2,0.21293,1.36516,5.37989
plane_mu0.2,v1_s43,3,0.08185,0.50541,3.72908
plane_mu0.2,v1_s43,4,0.00162,0.01046,0.168
plane_mu0.2,v1_s43,5,0.0942,0.53716,2.03723
plane_mu0.2,v1_s43,6,0.42476,2.99276,6.93057
plane_mu0.2,v1_s43,7,0.28333,3.73403,16.42566
plane_mu0.2,v1_s43,8,0.39093,4.40397,13.25736
plane_mu0.2,v1_s43,9,0.20664,2.64203,8.9961
plane_mu0.2,v1_s43,10,0.00996,0.16451,0.67864
plane_mu0.2,v1_s43,11,0.17232,1.17967,2.61077
plane_mu0.2,v1_s43,12,0.36344,4.69852,7.74967
plane_mu0.2,v1_s43,13,0.16224,1.27546,4.76106
plane_mu0.2,v1_s43,14,0.15616,1.17389,3.38079
plane_mu0.2,v1_s43,15,0.06922,0.61634,2.12897
plane_mu0.2,v1_s43,16,0.00284,0.0289,0.19708
plane_mu0.2,v1_s43,17,0.12888,1.69671,2.75742
plane_mu0.2,v1_s43,18,0.46444,4.28922,8.56624
plane_mu0.2,v1_s43,19,0.37921,6.4995,26.12643
plane_mu0.2,v1_s43,20,0.34125,2.22554,5.12505
plane_mu0.2,v1_s43,21,0.16382,1.44155,3.05458
plane_mu0.2,v1_s43,22,0.00622,0.07619,0.31921
plane_mu0.2,v1_s43,23,0.17578,1.54073,4.0749
plane_mu0.2,v2,0,0.18921,0.94356,5.24808
plane_mu0.2,v2,1,0.14454,1.67515,10.03431
plane_mu0.2,v2,2,0.27263,1.8492,4.22046
plane_mu0.2,v2,3,0.10747,0.84643,2.33382
plane_mu0.2,v2,4,0.00157,0.01298,0.13835
plane_mu0.2,v2,5,0.06518,0.32713,2.28034
plane_mu0.2,v2,6,0.3967,3.7053,7.36898
plane_mu0.2,v2,7,0.2917,3.99865,23.14153
plane_mu0.2,v2,8,0.40869,3.67258,9.34079
plane_mu0.2,v2,9,0.20721,2.28476,6.19235
plane_mu0.2,v2,10,0.01033,0.19011,0.78024
plane_mu0.2,v2,11,0.15906,1.34211,2.62715
plane_mu0.2,v2,12,0.2439,1.45732,4.36688
plane_mu0.2,v2,13,0.14143,1.19966,7.04845
plane_mu0.2,v2,14,0.2781,1.43916,6.94186
plane_mu0.2,v2,15,0.12802,0.87349,4.39289
plane_mu0.2,v2,16,0.00349,0.04227,0.27031
plane_mu0.2,v2,17,0.08901,0.55304,1.84623
plane_mu0.2,v2,18,0.41391,3.75372,7.58458
plane_mu0.2,v2,19,0.31004,4.40055,20.20235
plane_mu0.2,v2,20,0.36144,2.94788,5.86757
plane_mu0.2,v2,21,0.17391,1.73917,3.30255
plane_mu0.2,v2,22,0.00692,0.09983,0.39207
plane_mu0.2,v2,23,0.16056,1.31936,3.70683
plane_mu0.2,v2_s43,0,0.27974,1.8082,5.28728
plane_mu0.2,v2_s43,1,0.1285,1.41763,7.65017
plane_mu0.2,v2_s43,2,0.23514,1.45373,7.74284
plane_mu0.2,v2_s43,3,0.09906,0.76704,4.47281
plane_mu0.2,v2_s43,4,0.00224,0.01921,0.10389
plane_mu0.2,v2_s43,5,0.09712,0.61656,1.99024
plane_mu0.2,v2_s43,6,0.42252,3.03322,6.72627
plane_mu0.2,v2_s43,7,0.28085,3.35956,15.31622
plane_mu0.2,v2_s43,8,0.40571,5.12396,15.7779
plane_mu0.2,v2_s43,9,0.21049,3.09724,9.40511
plane_mu0.2,v2_s43,10,0.01033,0.21135,0.95362
plane_mu0.2,v2_s43,11,0.16977,1.21376,3.24137
plane_mu0.2,v2_s43,12,0.36225,4.37331,6.66435
plane_mu0.2,v2_s43,13,0.18482,1.48391,8.58639
plane_mu0.2,v2_s43,14,0.17465,1.25748,4.75007
plane_mu0.2,v2_s43,15,0.07981,0.68277,3.19184
plane_mu0.2,v2_s43,16,0.00312,0.03173,0.38985
plane_mu0.2,v2_s43,17,0.12883,1.57165,2.37174
plane_mu0.2,v2_s43,18,0.44757,3.87569,8.08504
plane_mu0.2,v2_s43,19,0.35842,6.00126,29.51774
plane_mu0.2,v2_s43,20,0.35948,2.62636,6.29165
plane_mu0.2,v2_s43,21,0.18082,1.75195,3.75631
plane_mu0.2,v2_s43,22,0.00547,0.06936,0.22944
plane_mu0.2,v2_s43,23,0.16554,1.44452,3.0533
plane_mu0.2,v2_s44,0,0.23507,1.33289,7.54688
plane_mu0.2,v2_s44,1,0.1988,2.69201,13.36585
plane_mu0.2,v2_s44,2,0.32101,1.80827,4.76474
plane_mu0.2,v2_s44,3,0.14333,1.21814,2.6009
plane_mu0.2,v2_s44,4,0.00259,0.02163,0.1129
plane_mu0.2,v2_s44,5,0.08196,0.45594,2.77102
plane_mu0.2,v2_s44,6,0.41294,2.96656,9.35556
plane_mu0.2,v2_s44,7,0.26011,2.76385,18.64257
plane_mu0.2,v2_s44,8,0.37927,3.22555,13.21974
plane_mu0.2,v2_s44,9,0.191,1.99342,9.06149
plane_mu0.2,v2_s44,10,0.0097,0.17908,0.90441
plane_mu0.2,v2_s44,11,0.16552,1.17785,6.00379
plane_mu0.2,v2_s44,12,0.3063,1.65552,5.31717
plane_mu0.2,v2_s44,13,0.16425,1.36968,7.17849
plane_mu0.2,v2_s44,14,0.3784,2.00021,10.16637
plane_mu0.2,v2_s44,15,0.17961,1.0719,6.05922
plane_mu0.2,v2_s44,16,0.00452,0.0548,0.48442
plane_mu0.2,v2_s44,17,0.11483,0.63694,2.15859
plane_mu0.2,v2_s44,18,0.38511,3.61973,7.44153
plane_mu0.2,v2_s44,19,0.28494,4.72929,19.5622
plane_mu0.2,v2_s44,20,0.33664,2.45935,7.27287
plane_mu0.2,v2_s44,21,0.1599,1.5206,3.84511
plane_mu0.2,v2_s44,22,0.00562,0.0765,0.31018
plane_mu0.2,v2_s44,23,0.15071,1.25496,2.52787
plane_mu0.5,baseline,0,0.3674,1.85905,4.72183
plane_mu0.5,baseline,1,0.11402,0.93764,26.8339
plane_mu0.5,baseline,2,0.16826,1.28866,4.46213
plane_mu0.5,baseline,3,0.065,0.49848,2.70303
plane_mu0.5,baseline,4,0.00239,0.04175,0.23982
plane_mu0.5,baseline,5,0.12624,0.61215,2.34159
plane_mu0.5,baseline,6,0.70515,5.78369,9.29985
plane_mu0.5,baseline,7,0.39096,3.73589,15.85742
plane_mu0.5,baseline,8,0.418,3.84016,11.41313
plane_mu0.5,baseline,9,0.21543,2.25148,6.99164
plane_mu0.5,baseline,10,0.02011,0.26585,0.75976
plane_mu0.5,baseline,11,0.28382,2.16413,3.63649
plane_mu0.5,baseline,12,0.52618,7.50367,11.22889
plane_mu0.5,baseline,13,0.1908,1.44299,9.62109
plane_mu0.5,baseline,14,0.15836,1.05051,9.32818
plane_mu0.5,baseline,15,0.07055,0.59008,5.50648
plane_mu0.5,baseline,16,0.00436,0.05844,0.332
plane_mu0.5,baseline,17,0.1914,2.64757,3.97215
plane_mu0.5,baseline,18,0.63633,5.44161,9.88213
plane_mu0.5,baseline,19,0.24485,2.92629,19.71199
plane_mu0.5,baseline,20,0.37474,3.01991,7.36697
plane_mu0.5,baseline,21,0.19964,1.82814,4.98317
plane_mu0.5,baseline,22,0.01594,0.18997,0.59131
plane_mu0.5,baseline,23,0.24539,1.96573,5.02141
plane_mu0.5,v1,0,0.27833,2.76031,6.78542
plane_mu0.5,v1,1,0.20839,2.73751,33.93801
plane_mu0.5,v1,2,0.27377,2.17856,4.36679
plane_mu0.5,v1,3,0.13819,1.99503,4.06101
plane_mu0.5,v1,4,0.00323,0.04444,0.42106
plane_mu0.5,v1,5,0.10448,1.00247,3.34121
plane_mu0.5,v1,6,0.37909,4.27646,7.41615
plane_mu0.5,v1,7,0.27286,4.5027,23.53853
plane_mu0.5,v1,8,0.22513,2.11664,8.19821
plane_mu0.5,v1,9,0.10802,1.1249,5.29325
plane_mu0.5,v1,10,0.00625,0.09582,0.45294
plane_mu0.5,v1,11,0.148,1.59129,3.91738
plane_mu0.5,v1,12,0.30518,2.529,15.4314
plane_mu0.5,v1,13,0.25028,3.55402,23.6512
plane_mu0.5,v1,14,0.26618,2.07195,5.94602
plane_mu0.5,v1,15,0.12731,1.22137,3.62433
plane_mu0.5,v1,16,0.00598,0.09106,0.68936
plane_mu0.5,v1,17,0.12054,1.022,9.34267
plane_mu0.5,v1,18,0.30682,3.45923,8.80287
plane_mu0.5,v1,19,0.18876,2.50147,22.62856
plane_mu0.5,v1,20,0.27448,2.5034,10.22374
plane_mu0.5,v1,21,0.14369,2.09861,3.70911
plane_mu0.5,v1,22,0.00413,0.075,0.41371
plane_mu0.5,v1,23,0.11653,1.24916,4.75069
plane_mu0.5,v1_s43,0,0.23781,1.3277,6.19277
plane_mu0.5,v1_s43,1,0.09328,0.85344,24.69417
plane_mu0.5,v1_s43,2,0.18061,1.54593,10.05105
plane_mu0.5,v1_s43,3,0.06374,0.50264,4.05724
plane_mu0.5,v1_s43,4,0.00138,0.01142,0.62311
plane_mu0.5,v1_s43,5,0.08134,0.45593,2.81911
plane_mu0.5,v1_s43,6,0.3771,2.27592,7.3526
plane_mu0.5,v1_s43,7,0.29558,5.99988,30.83084
plane_mu0.5,v1_s43,8,0.35036,4.76562,14.58608
plane_mu0.5,v1_s43,9,0.18548,2.82116,9.40747
plane_mu0.5,v1_s43,10,0.01051,0.19274,0.55134
plane_mu0.5,v1_s43,11,0.16056,1.16752,4.77498
plane_mu0.5,v1_s43,12,0.30781,3.36767,7.65742
plane_mu0.5,v1_s43,13,0.1276,1.18555,8.7508
plane_mu0.5,v1_s43,14,0.13556,1.29684,8.1442
plane_mu0.5,v1_s43,15,0.06386,0.62274,4.54252
plane_mu0.5,v1_s43,16,0.00282,0.03069,0.28351
plane_mu0.5,v1_s43,17,0.10974,1.2449,2.85259
plane_mu0.5,v1_s43,18,0.41848,4.13632,7.08963
plane_mu0.5,v1_s43,19,0.36668,8.12496,27.46294
plane_mu0.5,v1_s43,20,0.29124,2.22608,13.64598
plane_mu0.5,v1_s43,21,0.1399,1.48199,8.31729
plane_mu0.5,v1_s43,22,0.00687,0.10712,0.36797
plane_mu0.5,v1_s43,23,0.173,1.70342,4.19555
plane_mu0.5,v2,0,0.21421,1.18554,9.81691
plane_mu0.5,v2,1,0.13615,1.21607,30.19891
plane_mu0.5,v2,2,0.23616,1.63961,6.27666
plane_mu0.5,v2,3,0.08768,0.69993,3.43237
plane_mu0.5,v2,4,0.00181,0.01667,0.29692
plane_mu0.5,v2,5,0.07434,0.51236,6.22148
plane_mu0.5,v2,6,0.50788,4.13517,6.81866
plane_mu0.5,v2,7,0.3552,5.59941,28.74103
plane_mu0.5,v2,8,0.45354,3.84777,12.66173
plane_mu0.5,v2,9,0.22943,2.24056,7.82873
plane_mu0.5,v2,10,0.01314,0.22504,0.64842
plane_mu0.5,v2,11,0.21217,1.6229,3.429
plane_mu0.5,v2,12,0.27537,1.71839,7.17327
plane_mu0.5,v2,13,0.12772,0.83242,36.23442
plane_mu0.5,v2,14,0.24845,1.44296,12.07889
plane_mu0.5,v2,15,0.11513,0.90083,6.76989
plane_mu0.5,v2,16,0.00364,0.04278,0.51984
plane_mu0.5,v2,17,0.10326,0.65529,5.61568
plane_mu0.5,v2,18,0.47208,3.19846,6.54949
plane_mu0.5,v2,19,0.37752,6.93241,22.11801
plane_mu0.5,v2,20,0.37107,2.40132,6.09678
plane_mu0.5,v2,21,0.16539,1.65212,3.81338
plane_mu0.5,v2,22,0.00694,0.11187,0.35774
plane_mu0.5,v2,23,0.18822,1.46029,5.90897
plane_mu0.5,v2_s43,0,0.23613,1.42715,9.34408
plane_mu0.5,v2_s43,1,0.11294,1.03859,20.49448
plane_mu0.5,v2_s43,2,0.19596,1.42905,5.95015
plane_mu0.5,v2_s43,3,0.07404,0.52117,2.77642
plane_mu0.5,v2_s43,4,0.00189,0.01513,0.21075
plane_mu0.5,v2_s43,5,0.08172,0.52932,5.07109
plane_mu0.5,v2_s43,6,0.4087,2.66396,9.18499
plane_mu0.5,v2_s43,7,0.28508,5.1574,27.55661
plane_mu0.5,v2_s43,8,0.39807,5.85827,18.26918
plane_mu0.5,v2_s43,9,0.21233,3.62078,11.20071
plane_mu0.5,v2_s43,10,0.01256,0.24867,0.80237
plane_mu0.5,v2_s43,11,0.17497,1.3075,3.23588
plane_mu0.5,v2_s43,12,0.29862,3.49888,8.35294
plane_mu0.5,v2_s43,13,0.14618,1.36632,16.65412
plane_mu0.5,v2_s43,14,0.1538,1.33,5.74548
plane_mu0.5,v2_s43,15,0.07015,0.67496,3.42031
plane_mu0.5,v2_s43,16,0.00274,0.02889,0.27183
plane_mu0.5,v2_s43,17,0.10685,1.2687,5.69344
plane_mu0.5,v2_s43,18,0.4296,3.69677,8.72828
plane_mu0.5,v2_s43,19,0.38018,7.85408,32.24445
plane_mu0.5,v2_s43,20,0.34176,2.77445,6.20214
plane_mu0.5,v2_s43,21,0.17362,2.11281,3.76882
plane_mu0.5,v2_s43,22,0.00653,0.11226,0.41473
plane_mu0.5,v2_s43,23,0.17323,1.69352,5.42672
plane_mu0.5,v2_s44,0,0.26841,2.74914,7.94574
plane_mu0.5,v2_s44,1,0.18977,2.01951,26.3417
plane_mu0.5,v2_s44,2,0.31585,1.88748,17.52706
plane_mu0.5,v2_s44,3,0.1434,1.35279,4.2259
plane_mu0.5,v2_s44,4,0.00263,0.02619,0.55803
plane_mu0.5,v2_s44,5,0.09384,0.92982,4.86732
plane_mu0.5,v2_s44,6,0.46482,3.45041,7.4356
plane_mu0.5,v2_s44,7,0.27058,2.84409,27.3207
plane_mu0.5,v2_s44,8,0.36507,3.1704,10.73355
plane_mu0.5,v2_s44,9,0.18556,1.86115,7.90597
plane_mu0.5,v2_s44,10,0.01151,0.24159,0.73647
plane_mu0.5,v2_s44,11,0.19579,1.58885,4.72292
plane_mu0.5,v2_s44,12,0.29621,1.4414,6.26707
plane_mu0.5,v2_s44,13,0.14939,1.06535,13.13182
plane_mu0.5,v2_s44,14,0.35979,2.35263,8.16588
plane_mu0.5,v2_s44,15,0.18001,1.62465,6.16163
plane_mu0.5,v2_s44,16,0.00551,0.08753,0.48407
plane_mu0.5,v2_s44,17,0.11478,0.68759,2.47468
plane_mu0.5,v2_s44,18,0.39991,3.24001,7.17241
plane_mu0.5,v2_s44,19,0.28656,4.24289,25.75673
plane_mu0.5,v2_s44,20,0.31775,2.30217,4.95791
plane_mu0.5,v2_s44,21,0.14712,1.62623,3.52111
plane_mu0.5,v2_s44,22,0.00596,0.09638,0.32911
plane_mu0.5,v2_s44,23,0.16314,1.45326,3.17341
plane_mu0.8,baseline,0,0.34891,1.77473,7.38788
plane_mu0.8,baseline,1,0.11348,1.14849,10.56197
plane_mu0.8,baseline,2,0.17033,1.47263,3.62816
plane_mu0.8,baseline,3,0.06142,0.47443,1.27885
plane_mu0.8,baseline,4,0.00189,0.03088,0.30964
plane_mu0.8,baseline,5,0.11868,0.57729,4.63399
plane_mu0.8,baseline,6,0.66867,5.52413,8.62327
plane_mu0.8,baseline,7,0.50681,7.76128,24.12562
plane_mu0.8,baseline,8,0.41569,4.46748,12.71374
plane_mu0.8,baseline,9,0.21093,2.78567,7.88117
plane_mu0.8,baseline,10,0.02157,0.32235,0.92749
plane_mu0.8,baseline,11,0.27481,2.11151,3.52371
plane_mu0.8,baseline,12,0.5105,7.35214,10.37603
plane_mu0.8,baseline,13,0.18446,1.30603,15.61443
plane_mu0.8,baseline,14,0.15134,1.03909,3.70773
plane_mu0.8,baseline,15,0.06675,0.55475,2.75411
plane_mu0.8,baseline,16,0.00472,0.06689,0.47601
plane_mu0.8,baseline,17,0.18712,2.5911,4.52742
plane_mu0.8,baseline,18,0.6431,6.08512,8.60282
plane_mu0.8,baseline,19,0.28183,4.20824,23.17596
plane_mu0.8,baseline,20,0.35937,3.2322,7.35734
plane_mu0.8,baseline,21,0.18663,1.9312,4.09201
plane_mu0.8,baseline,22,0.01873,0.22639,0.68534
plane_mu0.8,baseline,23,0.25696,2.15107,3.2994
plane_mu0.8,v1,0,0.28721,2.5251,11.26258
plane_mu0.8,v1,1,0.21172,3.23072,39.37204
plane_mu0.8,v1,2,0.28258,2.30907,9.59921
plane_mu0.8,v1,3,0.14265,2.00593,6.01162
plane_mu0.8,v1,4,0.00382,0.05927,0.46825
plane_mu0.8,v1,5,0.11164,1.05127,7.83556
plane_mu0.8,v1,6,0.37068,3.9581,8.32235
plane_mu0.8,v1,7,0.29519,5.22648,24.03835
plane_mu0.8,v1,8,0.23131,2.15574,17.10688
plane_mu0.8,v1,9,0.11168,1.1608,9.70508
plane_mu0.8,v1,10,0.00698,0.11373,0.48334
plane_mu0.8,v1,11,0.14898,1.51494,5.14142
plane_mu0.8,v1,12,0.31746,2.72051,7.41348
plane_mu0.8,v1,13,0.27208,3.99986,26.47246
plane_mu0.8,v1,14,0.26891,2.12563,8.19763
plane_mu0.8,v1,15,0.12943,1.23985,5.42584
plane_mu0.8,v1,16,0.00704,0.11494,0.62356
plane_mu0.8,v1,17,0.13007,1.14852,4.02344
plane_mu0.8,v1,18,0.30477,3.23732,11.70599
plane_mu0.8,v1,19,0.20186,3.0959,31.51229
plane_mu0.8,v1,20,0.2809,2.63601,10.01742
plane_mu0.8,v1,21,0.14702,2.15252,6.55145
plane_mu0.8,v1,22,0.00452,0.08784,0.57247
plane_mu0.8,v1,23,0.11892,1.24916,5.92345
plane_mu0.8,v1_s43,0,0.25163,1.40686,7.88925
plane_mu0.8,v1_s43,1,0.10027,0.99633,27.92248
plane_mu0.8,v1_s43,2,0.18595,1.58073,7.32174
plane_mu0.8,v1_s43,3,0.06364,0.51178,3.65426
plane_mu0.8,v1_s43,4,0.0015,0.01311,0.38237
plane_mu0.8,v1_s43,5,0.08669,0.48251,4.79368
plane_mu0.8,v1_s43,6,0.40974,2.63017,10.31368
plane_mu0.8,v1_s43,7,0.34596,7.58206,38.84618
plane_mu0.8,v1_s43,8,0.36646,4.90454,16.56651
plane_mu0.8,v1_s43,9,0.19493,3.06366,10.61562
plane_mu0.8,v1_s43,10,0.0127,0.23282,0.88352
plane_mu0.8,v1_s43,11,0.18012,1.37227,7.59244
plane_mu0.8,v1_s43,12,0.31334,3.22334,7.17891
plane_mu0.8,v1_s43,13,0.13427,1.18501,16.83014
plane_mu0.8,v1_s43,14,0.15672,1.42138,8.08371
plane_mu0.8,v1_s43,15,0.07727,0.70385,4.76721
plane_mu0.8,v1_s43,16,0.0037,0.04031,0.40158
plane_mu0.8,v1_s43,17,0.11403,1.1976,2.99885
plane_mu0.8,v1_s43,18,0.43388,3.96598,10.27836
plane_mu0.8,v1_s43,19,0.36444,8.04913,31.22985
plane_mu0.8,v1_s43,20,0.30876,2.4599,25.54051
plane_mu0.8,v1_s43,21,0.1509,1.68809,5.60275
plane_mu0.8,v1_s43,22,0.0076,0.13408,1.08654
plane_mu0.8,v1_s43,23,0.18643,1.92127,5.55338
plane_mu0.8,v2,0,0.23585,1.48126,9.09765
plane_mu0.8,v2,1,0.13791,1.35695,28.30291
plane_mu0.8,v2,2,0.23765,1.68332,7.12528
plane_mu0.8,v2,3,0.08907,0.71763,4.14991
plane_mu0.8,v2,4,0.00211,0.01824,0.49017
plane_mu0.8,v2,5,0.08199,0.58509,5.97862
plane_mu0.8,v2,6,0.56708,3.86656,8.86258
plane_mu0.8,v2,7,0.41443,6.25493,32.86283
plane_mu0.8,v2,8,0.48957,3.65389,12.39406
plane_mu0.8,v2,9,0.24945,2.23022,7.97922
plane_mu0.8,v2,10,0.01537,0.29142,0.82821
plane_mu0.8,v2,11,0.24394,1.79602,4.96877
plane_mu0.8,v2,12,0.28762,1.5892,15.40568
plane_mu0.8,v2,13,0.15417,0.94285,25.29118
plane_mu0.8,v2,14,0.27445,1.60208,7.02149
plane_mu0.8,v2,15,0.13134,1.11058,5.48639
plane_mu0.8,v2,16,0.00455,0.06056,0.58793
plane_mu0.8,v2,17,0.11139,0.66333,9.07126
plane_mu0.8,v2,18,0.47713,2.74999,6.0821
plane_mu0.8,v2,19,0.36714,6.28498,24.51631
plane_mu0.8,v2,20,0.39361,2.39062,5.71846
plane_mu0.8,v2,21,0.17987,1.7239,5.08197
plane_mu0.8,v2,22,0.00805,0.15015,0.49511
plane_mu0.8,v2,23,0.20177,1.82662,4.95281
plane_mu0.8,v2_s43,0,0.23697,1.35262,8.76687
plane_mu0.8,v2_s43,1,0.11794,1.07175,27.87091
plane_mu0.8,v2_s43,2,0.19837,1.45491,9.72305
plane_mu0.8,v2_s43,3,0.07498,0.52532,5.7004
plane_mu0.8,v2_s43,4,0.00206,0.01691,0.33111
plane_mu0.8,v2_s43,5,0.0825,0.52219,4.53821
plane_mu0.8,v2_s43,6,0.41572,2.63852,12.73966
plane_mu0.8,v2_s43,7,0.33431,5.96229,44.14357
plane_mu0.8,v2_s43,8,0.39715,5.6851,18.93308
plane_mu0.8,v2_s43,9,0.21238,3.60157,12.41885
plane_mu0.8,v2_s43,10,0.01351,0.25553,0.64146
plane_mu0.8,v2_s43,11,0.18271,1.37189,7.63698
plane_mu0.8,v2_s43,12,0.29697,3.30837,14.68005
plane_mu0.8,v2_s43,13,0.15316,1.38115,22.43691
plane_mu0.8,v2_s43,14,0.16332,1.41557,9.58336
plane_mu0.8,v2_s43,15,0.07839,0.75155,6.08032
plane_mu0.8,v2_s43,16,0.00323,0.0363,0.37742
plane_mu0.8,v2_s43,17,0.10822,1.20921,8.07235
plane_mu0.8,v2_s43,18,0.43511,3.50532,15.80242
plane_mu0.8,v2_s43,19,0.36534,7.75351,34.02786
plane_mu0.8,v2_s43,20,0.35012,2.88522,5.8527
plane_mu0.8,v2_s43,21,0.18012,2.2876,5.1246
plane_mu0.8,v2_s43,22,0.00714,0.13188,0.61814
plane_mu0.8,v2_s43,23,0.18148,1.82977,10.23933
plane_mu0.8,v2_s44,0,0.27436,2.53075,10.06262
plane_mu0.8,v2_s44,1,0.19244,2.13491,35.0406
plane_mu0.8,v2_s44,2,0.32051,2.01386,12.06688
plane_mu0.8,v2_s44,3,0.14534,1.51882,3.87408
plane_mu0.8,v2_s44,4,0.0029,0.03254,0.61823
plane_mu0.8,v2_s44,5,0.09791,0.89636,5.7116
plane_mu0.8,v2_s44,6,0.50746,3.35653,6.87238
plane_mu0.8,v2_s44,7,0.32396,3.75605,31.17173
plane_mu0.8,v2_s44,8,0.39314,3.04262,14.99682
plane_mu0.8,v2_s44,9,0.20154,1.91357,7.43382
plane_mu0.8,v2_s44,10,0.01309,0.28976,0.88176
plane_mu0.8,v2_s44,11,0.21854,1.80406,5.27689
plane_mu0.8,v2_s44,12,0.3089,1.60167,6.56956
plane_mu0.8,v2_s44,13,0.19001,1.44177,18.88568
plane_mu0.8,v2_s44,14,0.36908,2.62843,8.6521
plane_mu0.8,v2_s44,15,0.18773,1.86857,6.72478
plane_mu0.8,v2_s44,16,0.00705,0.1214,0.57424
plane_mu0.8,v2_s44,17,0.12499,0.82287,3.19404
plane_mu0.8,v2_s44,18,0.40924,2.96024,11.24598
plane_mu0.8,v2_s44,19,0.27979,4.18727,26.08675
plane_mu0.8,v2_s44,20,0.32634,2.24508,5.23522
plane_mu0.8,v2_s44,21,0.15089,1.63436,5.17479
plane_mu0.8,v2_s44,22,0.00676,0.1295,0.50458
plane_mu0.8,v2_s44,23,0.1732,1.84341,6.69894
plane_mu1.0,baseline,0,0.33858,1.72752,7.38788
plane_mu1.0,baseline,1,0.12022,1.46593,14.72543
plane_mu1.0,baseline,2,0.17901,1.59091,2.66013
plane_mu1.0,baseline,3,0.06433,0.49872,1.59915
plane_mu1.0,baseline,4,0.00169,0.01223,0.37414
plane_mu1.0,baseline,5,0.1142,0.56866,4.63399
plane_mu1.0,baseline,6,0.66922,5.30919,7.53117
plane_mu1.0,baseline,7,0.58006,11.29979,24.40438
plane_mu1.0,baseline,8,0.40029,4.76502,11.33581
plane_mu1.0,baseline,9,0.19909,3.01194,7.20761
plane_mu1.0,baseline,10,0.02087,0.34503,0.76778
plane_mu1.0,baseline,11,0.27739,2.07813,4.36388
plane_mu1.0,baseline,12,0.51112,7.28756,10.86254
plane_mu1.0,baseline,13,0.19322,1.3433,27.31472
plane_mu1.0,baseline,14,0.15678,0.96675,3.68305
plane_mu1.0,baseline,15,0.06793,0.54496,2.94146
plane_mu1.0,baseline,16,0.00494,0.07353,0.44521
plane_mu1.0,baseline,17,0.18766,2.56847,4.12008
plane_mu1.0,baseline,18,0.63772,5.85702,9.73459
plane_mu1.0,baseline,19,0.30305,4.90376,28.21674
plane_mu1.0,baseline,20,0.35157,3.30921,6.58231
plane_mu1.0,baseline,21,0.17997,1.94664,3.83694
plane_mu1.0,baseline,22,0.01945,0.23833,0.53463
plane_mu1.0,baseline,23,0.2614,2.12972,3.40466
plane_mu1.0,v1,0,0.29776,2.57754,10.13759
plane_mu1.0,v1,1,0.21094,3.06408,32.58142
plane_mu1.0,v1,2,0.29434,2.38528,8.71781
plane_mu1.0,v1,3,0.14954,2.06913,5.77638
plane_mu1.0,v1,4,0.00417,0.06896,0.46748
plane_mu1.0,v1,5,0.11761,1.10279,6.94471
plane_mu1.0,v1,6,0.38007,3.97827,9.87238
plane_mu1.0,v1,7,0.30948,5.33915,26.58947
plane_mu1.0,v1,8,0.23902,2.23414,8.56289
plane_mu1.0,v1,9,0.11617,1.23259,5.74977
plane_mu1.0,v1,10,0.00764,0.12121,0.6092
plane_mu1.0,v1,11,0.1551,1.5372,5.52944
plane_mu1.0,v1,12,0.33016,2.77707,7.96983
plane_mu1.0,v1,13,0.28297,4.01721,26.47246
plane_mu1.0,v1,14,0.27961,2.19922,6.63751
plane_mu1.0,v1,15,0.13728,1.31055,4.2913
plane_mu1.0,v1,16,0.00782,0.12881,0.51393
plane_mu1.0,v1,17,0.13753,1.18748,3.83946
plane_mu1.0,v1,18,0.30599,2.95068,10.9006
plane_mu1.0,v1,19,0.21647,3.68867,32.0269
plane_mu1.0,v1,20,0.28684,2.64834,13.24221
plane_mu1.0,v1,21,0.15024,2.22976,8.61917
plane_mu1.0,v1,22,0.00471,0.09596,0.43607
plane_mu1.0,v1,23,0.1204,1.21358,5.38981
plane_mu1.0,v1_s43,0,0.26319,1.48827,8.22013
plane_mu1.0,v1_s43,1,0.10931,1.03919,40.62184
plane_mu1.0,v1_s43,2,0.19238,1.59279,13.57889
plane_mu1.0,v1_s43,3,0.06645,0.52488,8.28076
plane_mu1.0,v1_s43,4,0.00168,0.01433,0.65769
plane_mu1.0,v1_s43,5,0.09113,0.50982,5.59262
plane_mu1.0,v1_s43,6,0.42698,2.81132,13.23136
plane_mu1.0,v1_s43,7,0.37117,7.6859,40.12098
plane_mu1.0,v1_s43,8,0.38223,4.92706,17.35325
plane_mu1.0,v1_s43,9,0.20523,3.10867,10.9078
plane_mu1.0,v1_s43,10,0.01362,0.2469,0.81269
plane_mu1.0,v1_s43,11,0.19028,1.44429,8.28109
plane_mu1.0,v1_s43,12,0.32349,3.19466,7.4027
plane_mu1.0,v1_s43,13,0.15161,1.24427,32.18818
plane_mu1.0,v1_s43,14,0.17283,1.49922,19.78525
plane_mu1.0,v1_s43,15,0.08694,0.74978,11.66514
plane_mu1.0,v1_s43,16,0.00438,0.04844,0.53531
plane_mu1.0,v1_s43,17,0.1199,1.1928,4.5287
plane_mu1.0,v1_s43,18,0.44621,3.84824,9.91055
plane_mu1.0,v1_s43,19,0.36415,7.8044,28.20399
plane_mu1.0,v1_s43,20,0.32381,2.56349,16.73816
plane_mu1.0,v1_s43,21,0.16051,1.78643,9.90622
plane_mu1.0,v1_s43,22,0.00824,0.14666,0.78745
plane_mu1.0,v1_s43,23,0.19588,2.03729,6.26827
plane_mu1.0,v2,0,0.23623,1.44029,10.16818
plane_mu1.0,v2,1,0.13501,1.32459,29.11819
plane_mu1.0,v2,2,0.23907,1.73503,5.70702
plane_mu1.0,v2,3,0.08848,0.69518,4.62205
plane_mu1.0,v2,4,0.00208,0.01676,0.34412
plane_mu1.0,v2,5,0.08214,0.56323,5.8669
plane_mu1.0,v2,6,0.57251,3.57658,9.62862
plane_mu1.0,v2,7,0.44468,6.63167,32.86283
plane_mu1.0,v2,8,0.51146,3.71252,12.66448
plane_mu1.0,v2,9,0.2659,2.4255,8.10737
plane_mu1.0,v2,10,0.01698,0.32956,0.89962
plane_mu1.0,v2,11,0.25287,1.88124,5.94641
plane_mu1.0,v2,12,0.28878,1.55942,7.98057
plane_mu1.0,v2,13,0.18001,1.20463,31.2778
plane_mu1.0,v2,14,0.28554,1.69785,6.04074
plane_mu1.0,v2,15,0.14079,1.20751,4.79803
plane_mu1.0,v2,16,0.00523,0.06997,0.54841
plane_mu1.0,v2,17,0.1139,0.68792,6.81589
plane_mu1.0,v2,18,0.48902,2.63136,9.88806
plane_mu1.0,v2,19,0.37367,6.35239,40.35145
plane_mu1.0,v2,20,0.41489,2.53838,7.29151
plane_mu1.0,v2,21,0.19627,1.88152,4.93988
plane_mu1.0,v2,22,0.00921,0.17069,0.78401
plane_mu1.0,v2,23,0.2135,1.93491,7.94215
plane_mu1.0,v2_s43,0,0.24251,1.32701,9.70627
plane_mu1.0,v2_s43,1,0.11948,1.09728,29.69495
plane_mu1.0,v2_s43,2,0.20314,1.485,30.53525
plane_mu1.0,v2_s43,3,0.07627,0.53737,9.32569
plane_mu1.0,v2_s43,4,0.00212,0.01718,0.66999
plane_mu1.0,v2_s43,5,0.08415,0.51862,5.22791
plane_mu1.0,v2_s43,6,0.42325,2.65825,11.26964
plane_mu1.0,v2_s43,7,0.37303,6.56365,44.14357
plane_mu1.0,v2_s43,8,0.41048,5.75485,22.30386
plane_mu1.0,v2_s43,9,0.22109,3.7064,13.71044
plane_mu1.0,v2_s43,10,0.01402,0.25925,0.82389
plane_mu1.0,v2_s43,11,0.18742,1.41617,5.229
plane_mu1.0,v2_s43,12,0.30837,3.37177,8.38039
plane_mu1.0,v2_s43,13,0.16069,1.3991,21.67545
plane_mu1.0,v2_s43,14,0.16932,1.44453,7.1925
plane_mu1.0,v2_s43,15,0.08284,0.79042,5.21905
plane_mu1.0,v2_s43,16,0.00366,0.03975,0.47341
plane_mu1.0,v2_s43,17,0.11379,1.23895,4.43687
plane_mu1.0,v2_s43,18,0.44456,3.35841,16.81554
plane_mu1.0,v2_s43,19,0.37215,8.03943,37.91103
plane_mu1.0,v2_s43,20,0.35944,2.96235,21.03648
plane_mu1.0,v2_s43,21,0.18634,2.34012,12.87765
plane_mu1.0,v2_s43,22,0.0078,0.14466,0.71757
plane_mu1.0,v2_s43,23,0.18903,1.90309,11.26061
plane_mu1.0,v2_s44,0,0.27778,2.39318,12.52337
plane_mu1.0,v2_s44,1,0.19304,2.08229,42.96044
plane_mu1.0,v2_s44,2,0.33096,2.05954,14.38779
plane_mu1.0,v2_s44,3,0.15001,1.53279,9.16903
plane_mu1.0,v2_s44,4,0.00304,0.03194,0.85726
plane_mu1.0,v2_s44,5,0.10069,0.87734,8.00088
plane_mu1.0,v2_s44,6,0.52525,3.32056,7.55832
plane_mu1.0,v2_s44,7,0.35679,4.05891,30.106
plane_mu1.0,v2_s44,8,0.41978,3.14268,12.81031
plane_mu1.0,v2_s44,9,0.21985,2.10733,8.04574
plane_mu1.0,v2_s44,10,0.01456,0.325,0.81891
plane_mu1.0,v2_s44,11,0.22944,1.93829,5.17749
plane_mu1.0,v2_s44,12,0.31488,1.6181,4.92336
plane_mu1.0,v2_s44,13,0.21003,1.66294,23.7525
plane_mu1.0,v2_s44,14,0.38357,2.71893,8.51799
plane_mu1.0,v2_s44,15,0.19694,1.95845,6.92016
plane_mu1.0,v2_s44,16,0.00769,0.12834,0.6143
plane_mu1.0,v2_s44,17,0.12972,0.86357,2.90038
plane_mu1.0,v2_s44,18,0.42248,2.85221,13.21163
plane_mu1.0,v2_s44,19,0.28158,4.20699,21.70497
plane_mu1.0,v2_s44,20,0.34168,2.32186,6.10495
plane_mu1.0,v2_s44,21,0.15894,1.68755,4.3791
plane_mu1.0,v2_s44,22,0.00762,0.15084,0.63726
plane_mu1.0,v2_s44,23,0.18345,1.97432,8.95231
plane_mu1.5,baseline,0,0.34796,1.74778,9.15085
plane_mu1.5,baseline,1,0.18603,1.89143,28.14742
plane_mu1.5,baseline,2,0.17355,1.41209,9.16841
plane_mu1.5,baseline,3,0.06733,0.50651,4.40357
plane_mu1.5,baseline,4,0.00387,0.06362,0.79362
plane_mu1.5,baseline,5,0.12661,0.80378,6.83537
plane_mu1.5,baseline,6,0.60676,3.64029,17.27016
plane_mu1.5,baseline,7,0.52196,8.36309,28.50649
plane_mu1.5,baseline,8,0.35715,4.23852,12.29246
plane_mu1.5,baseline,9,0.18004,2.70177,7.89727
plane_mu1.5,baseline,10,0.02049,0.31174,0.9006
plane_mu1.5,baseline,11,0.26757,1.91619,8.86457
plane_mu1.5,baseline,12,0.54035,6.72981,12.62765
plane_mu1.5,baseline,13,0.23477,1.41513,23.47758
plane_mu1.5,baseline,14,0.19748,1.2497,6.75697
plane_mu1.5,baseline,15,0.09478,0.76895,5.15249
plane_mu1.5,baseline,16,0.00818,0.12733,0.57086
plane_mu1.5,baseline,17,0.20856,2.40785,4.38717
plane_mu1.5,baseline,18,0.6066,4.45114,22.91804
plane_mu1.5,baseline,19,0.34872,7.06454,30.72184
plane_mu1.5,baseline,20,0.32986,2.83792,11.38144
plane_mu1.5,baseline,21,0.17741,1.81915,4.48361
plane_mu1.5,baseline,22,0.01907,0.2868,1.3041
plane_mu1.5,baseline,23,0.269,2.1571,15.22988
plane_mu1.5,v1,0,0.3195,2.5282,14.64664
plane_mu1.5,v1,1,0.23688,3.50672,33.09072
plane_mu1.5,v1,2,0.32149,2.53619,6.39752
plane_mu1.5,v1,3,0.16466,2.1775,6.52776
plane_mu1.5,v1,4,0.005,0.08601,0.6984
plane_mu1.5,v1,5,0.13022,1.17686,8.95572
plane_mu1.5,v1,6,0.39244,3.86864,12.65635
plane_mu1.5,v1,7,0.33101,5.50247,25.17179
plane_mu1.5,v1,8,0.2603,2.3177,7.87483
plane_mu1.5,v1,9,0.12968,1.32375,5.49161
plane_mu1.5,v1,10,0.00904,0.1428,0.75325
plane_mu1.5,v1,11,0.16514,1.53417,9.12671
plane_mu1.5,v1,12,0.35907,3.05768,9.37647
plane_mu1.5,v1,13,0.31777,4.08116,33.18371
plane_mu1.5,v1,14,0.3066,2.45781,9.00567
plane_mu1.5,v1,15,0.15767,1.56001,6.78961
plane_mu1.5,v1,16,0.00958,0.16006,0.78905
plane_mu1.5,v1,17,0.15405,1.31097,5.85271
plane_mu1.5,v1,18,0.32287,3.03343,11.60307
plane_mu1.5,v1,19,0.23515,3.92487,31.35411
plane_mu1.5,v1,20,0.30574,2.76568,7.98027
plane_mu1.5,v1,21,0.16188,2.35753,7.84261
plane_mu1.5,v1,22,0.00553,0.11657,0.46649
plane_mu1.5,v1,23,0.1293,1.2648,7.06439
plane_mu1.5,v1_s43,0,0.29445,1.69165,11.88727
plane_mu1.5,v1_s43,1,0.1229,1.10457,35.44167
plane_mu1.5,v1_s43,2,0.21563,1.63337,18.18674
plane_mu1.5,v1_s43,3,0.07633,0.55877,11.87663
plane_mu1.5,v1_s43,4,0.00195,0.01518,0.55007
plane_mu1.5,v1_s43,5,0.10225,0.5752,7.40401
plane_mu1.5,v1_s43,6,0.4657,3.24177,12.04379
plane_mu1.5,v1_s43,7,0.42275,7.51068,39.46484
plane_mu1.5,v1_s43,8,0.41943,4.90132,15.45932
plane_mu1.5,v1_s43,9,0.22941,3.21937,10.07155
plane_mu1.5,v1_s43,10,0.01537,0.28286,1.01667
plane_mu1.5,v1_s43,11,0.21047,1.62034,8.7035
plane_mu1.5,v1_s43,12,0.35715,3.3966,11.59901
plane_mu1.5,v1_s43,13,0.18632,1.26771,27.01944
plane_mu1.5,v1_s43,14,0.19754,1.57392,12.16024
plane_mu1.5,v1_s43,15,0.10209,0.83428,6.9058
plane_mu1.5,v1_s43,16,0.00562,0.07009,0.67379
plane_mu1.5,v1_s43,17,0.13546,1.27189,6.53858
plane_mu1.5,v1_s43,18,0.48366,3.72274,9.83882
plane_mu1.5,v1_s43,19,0.36444,7.24039,30.61783
plane_mu1.5,v1_s43,20,0.36189,2.76945,12.095
plane_mu1.5,v1_s43,21,0.18208,1.93473,7.12544
plane_mu1.5,v1_s43,22,0.00993,0.17445,0.84555
plane_mu1.5,v1_s43,23,0.2187,2.20027,7.23264
plane_mu1.5,v2,0,0.24308,1.43844,12.41237
plane_mu1.5,v2,1,0.1367,1.43076,23.09361
plane_mu1.5,v2,2,0.2414,1.79891,8.71514
plane_mu1.5,v2,3,0.08723,0.69052,4.6097
plane_mu1.5,v2,4,0.00205,0.01593,0.76305
plane_mu1.5,v2,5,0.08448,0.55623,8.14833
plane_mu1.5,v2,6,0.57721,3.26022,12.51935
plane_mu1.5,v2,7,0.4946,7.37873,34.6067
plane_mu1.5,v2,8,0.53393,3.65343,21.33145
plane_mu1.5,v2,9,0.2862,2.64835,11.87562
plane_mu1.5,v2,10,0.0191,0.38713,0.95695
plane_mu1.5,v2,11,0.26375,2.08225,8.44564
plane_mu1.5,v2,12,0.29291,1.54686,16.5965
plane_mu1.5,v2,13,0.22699,1.86226,23.03855
plane_mu1.5,v2,14,0.3072,1.93724,20.17848
plane_mu1.5,v2,15,0.16168,1.4674,11.13635
plane_mu1.5,v2,16,0.00661,0.09025,0.61739
plane_mu1.5,v2,17,0.12002,0.78174,10.57261
plane_mu1.5,v2,18,0.51605,2.61119,11.35032
plane_mu1.5,v2,19,0.38204,6.35325,30.57405
plane_mu1.5,v2,20,0.44853,2.70979,12.32095
plane_mu1.5,v2,21,0.22115,2.03168,7.6822
plane_mu1.5,v2,22,0.01125,0.20258,0.99237
plane_mu1.5,v2,23,0.23424,2.09519,7.51304
plane_mu1.5,v2_s43,0,0.27289,1.51502,12.70031
plane_mu1.5,v2_s43,1,0.13734,1.24813,38.65021
plane_mu1.5,v2_s43,2,0.2229,1.56936,18.32146
plane_mu1.5,v2_s43,3,0.08553,0.59292,10.31667
plane_mu1.5,v2_s43,4,0.00253,0.01839,0.61862
plane_mu1.5,v2_s43,5,0.09564,0.58638,7.66852
plane_mu1.5,v2_s43,6,0.43551,2.69006,11.26964
plane_mu1.5,v2_s43,7,0.44427,7.50141,44.14357
plane_mu1.5,v2_s43,8,0.43626,5.73092,17.80348
plane_mu1.5,v2_s43,9,0.23745,3.80789,12.98715
plane_mu1.5,v2_s43,10,0.01493,0.27183,0.85238
plane_mu1.5,v2_s43,11,0.19451,1.44694,7.37233
plane_mu1.5,v2_s43,12,0.34122,3.48562,8.31563
plane_mu1.5,v2_s43,13,0.18333,1.39486,27.00046
plane_mu1.5,v2_s43,14,0.18364,1.51078,25.56326
plane_mu1.5,v2_s43,15,0.09199,0.84572,14.74505
plane_mu1.5,v2_s43,16,0.00457,0.05337,0.73915
plane_mu1.5,v2_s43,17,0.12761,1.29135,5.77896
plane_mu1.5,v2_s43,18,0.46722,3.26408,11.526
plane_mu1.5,v2_s43,19,0.38601,7.97734,33.37619
plane_mu1.5,v2_s43,20,0.38784,3.14738,6.70176
plane_mu1.5,v2_s43,21,0.20404,2.33357,5.72905
plane_mu1.5,v2_s43,22,0.00932,0.16646,0.82906
plane_mu1.5,v2_s43,23,0.20482,1.99918,7.25984
plane_mu1.5,v2_s44,0,0.27949,2.19845,12.81181
plane_mu1.5,v2_s44,1,0.2004,2.05129,36.52122
plane_mu1.5,v2_s44,2,0.33847,2.12852,14.31672
plane_mu1.5,v2_s44,3,0.15035,1.4785,5.62112
plane_mu1.5,v2_s44,4,0.00335,0.03804,0.5538
plane_mu1.5,v2_s44,5,0.10306,0.88876,8.20609
plane_mu1.5,v2_s44,6,0.56851,3.28207,7.95853
plane_mu1.5,v2_s44,7,0.40786,4.66196,36.12533
plane_mu1.5,v2_s44,8,0.45791,3.29506,13.95967
plane_mu1.5,v2_s44,9,0.24691,2.481,9.48913
plane_mu1.5,v2_s44,10,0.01754,0.38858,0.95836
plane_mu1.5,v2_s44,11,0.25548,2.21469,5.47038
plane_mu1.5,v2_s44,12,0.33479,1.72876,10.61875
plane_mu1.5,v2_s44,13,0.27694,2.8253,23.95383
plane_mu1.5,v2_s44,14,0.41242,3.0521,8.58693
plane_mu1.5,v2_s44,15,0.22013,2.3168,6.90623
plane_mu1.5,v2_s44,16,0.00985,0.16601,0.72267
plane_mu1.5,v2_s44,17,0.14583,1.03939,6.0059
plane_mu1.5,v2_s44,18,0.44517,2.7708,8.44401
plane_mu1.5,v2_s44,19,0.29385,4.33828,49.10862
plane_mu1.5,v2_s44,20,0.3745,2.44562,7.95992
plane_mu1.5,v2_s44,21,0.17632,1.78411,4.9755
plane_mu1.5,v2_s44,22,0.00915,0.18708,0.89673
plane_mu1.5,v2_s44,23,0.19922,2.15896,6.54571
