checkpoint,reward_mean,fall_rate,Boxes,Rails
v1214bmu03_s43@2999,98.08663333333334,0.1380333333333333,87.60283333333332,108.57043333333333
v1214bmu03_s43@2500,96.70490000000001,0.15495,85.67113333333333,107.73866666666667
v1214bmu03_s44@2000,95.93693333333333,0.1712,84.13709999999999,107.73676666666667
v1214bmu03_s44@2999,94.81318333333333,0.18815000000000004,83.48156666666667,106.14479999999999
v1214bmu03_s43@2000,93.77418333333333,0.1699166666666667,82.7417,104.80666666666667
v1214bmu03_s44@2500,93.55688333333332,0.18945,82.5905,104.52326666666666
v1214bmu03_s42@2500,93.395,0.17253333333333332,82.629,104.161
v1214bmu03_s42@2000,92.29020000000001,0.18293333333333336,78.75580000000001,105.82460000000002
v1214bmu03_s42@2999,91.41743333333334,0.21351666666666672,77.92576666666666,104.90910000000001
