task,split,checkpoint,seed,num_envs,reward_mean,reward_std,steps_mean,fall_rate,x_dist_mean,x_dist_std,cond,fall_upright_rate
Isaac-Ant-Eval-SlopedGrid-v0,REPORT,v2_s44@2999,24,256,9.3211,1.2961,960.0,0.0,-0.0345,0.0431,,0.0
Isaac-Ant-Eval-SlopedGrid-v0,REPORT,v2_s44@2999,25,256,9.1859,1.2325,960.0,0.0,-0.0312,0.0426,,0.0
Isaac-Ant-Eval-SlopedGrid-v0,REPORT,v2_s44@2999,26,256,9.1987,1.3392,960.0,0.0,-0.0326,0.0477,,0.0
Isaac-Ant-Eval-SlopedGrid-v0,REPORT,v2_s42@2999,24,256,6.8315,1.05,960.0,0.0,0.0155,0.0969,,0.0
Isaac-Ant-Eval-SlopedGrid-v0,REPORT,v2_s42@2999,25,256,6.7118,0.8475,960.0,0.0,0.022,0.0989,,0.0
Isaac-Ant-Eval-SlopedGrid-v0,REPORT,v2_s42@2999,26,256,6.6753,0.8813,960.0,0.0,0.0125,0.0836,,0.0
Isaac-Ant-Eval-SlopedGrid-v0,REPORT,v2_s43@2999,24,256,10.4638,1.2063,960.0,0.0,0.0492,0.0468,,0.0
Isaac-Ant-Eval-SlopedGrid-v0,REPORT,v2_s43@2999,25,256,10.3999,1.272,960.0,0.0,0.0456,0.042,,0.0
Isaac-Ant-Eval-SlopedGrid-v0,REPORT,v2_s43@2999,26,256,10.3505,1.1822,960.0,0.0,0.0439,0.0407,,0.0
Isaac-Ant-Eval-Pyramids-v0,REPORT,v2_s44@2999,24,256,54.6915,22.1746,817.3906,0.2578,51.4901,20.811,,0.0
Isaac-Ant-Eval-Pyramids-v0,REPORT,v2_s44@2999,25,256,54.8135,22.3089,806.75,0.2969,51.6512,21.1465,,0.0
Isaac-Ant-Eval-Pyramids-v0,REPORT,v2_s44@2999,26,256,56.4636,20.3742,842.0898,0.2422,53.1844,19.1429,,0.0
Isaac-Ant-Eval-Pyramids-v0,REPORT,v2_s42@2999,24,256,51.1184,20.6093,818.4414,0.293,48.3344,19.5388,,0.0
Isaac-Ant-Eval-Pyramids-v0,REPORT,v2_s42@2999,25,256,51.0592,19.6547,817.1211,0.3164,48.256,18.7985,,0.0
Isaac-Ant-Eval-Pyramids-v0,REPORT,v2_s42@2999,26,256,52.6234,19.6357,840.1211,0.2617,49.7668,18.6183,,0.0
Isaac-Ant-Eval-Pyramids-v0,REPORT,v2_s43@2999,24,256,52.5916,24.1669,791.4453,0.3359,48.6316,22.543,,0.0
Isaac-Ant-Eval-Pyramids-v0,REPORT,v2_s43@2999,25,256,50.9686,22.7921,769.0469,0.3828,47.0872,21.2221,,0.0
Isaac-Ant-Eval-Pyramids-v0,REPORT,v2_s43@2999,26,256,50.8043,24.389,762.4531,0.3672,46.9736,22.6228,,0.0
